"From files: pickles/computers_pickles/computers_A,B.p, uber_topics_80.jsonl",,Which passage is more topic relevant?,How fluent is the passage of A?,How fluent is the passage of B?,Raymis,Which passage is positive?,How fluent is the passage of A?,How fluent is the passage of B?,Shannon,Which passage is positive?,How fluent is the passage of A?,How fluent is the passage of B?,Hayley,,,,,,,,,,,,
"The relationship of the human mind to language is well-documented. In particular, recent work by the researchers of the University of Vienna (Austria) and the University of Cambridge in the field of language and consciousness has shown how language influences perception and perception affects language.

The first part of the research project, a computer-based learning algorithm, has already been deployed successfully on an open-","The relationship between the two is not as simple as it seems . 
 Text: I 'm a bit of an expert on this topic , so please correct me if i am wrong ! 
 
 * First off , let 's say that you have 2 people who are in love with each other and want to get married ( or at least try ) but they do n't know how much money their",A,4,1,,A,3,4,,A,3,3,,,,,,,,,,,,,16_882_839
"Emphasised are the words ""emphasised"" and ""not in a good way"" 
 
 I am not sure if this is an actual thing or just my own personal opinion but it seems to me that there should be some sort of limit on how much you can charge for something before people start getting annoyed with it. For example, when I was at university we had a system where students could pay by","Emphasised are some of the key differences between the two versions, with each offering a unique look. The latest version of the operating system includes a built-in keyboard which allows users to type commands, such as launching web pages using a web browser, while a web browser is also required to view documents.

It also includes a new web browser, Firefox, which can run as a",B,3,5,,B,4,4,,B,3,4,,,,,,,,,,,,,14_849_744
Foundational to this is the idea that the best way to build software in a distributed environment is through a distributed database system. This is true whether the system is Linux (which is why we're going to use MySQL) or Windows (and probably Mac OS X) and the OS is Linux. But there's also the question of what database system to use in each of those operating systems. For,"Foundational to this is the idea that we are all born with a certain amount of knowledge and understanding about how things work . This can be used for good or bad , but it 's not something you learn from your parents . 
 Flair: Removed - Submission Rule E 
 view/guidelines 
 Official rules 
 1. **No personal attacks** against other users will result in moderation action. If you have",A,4,2,,A,4,4,,A,4,4,,,,,,,,,,,,,4_610_623
"The central theme of this essay, and that that of this blog post, is the importance of having strong, consistent, and consistent relationships between things that can be called ""systems."" These systems are not things in a vacuum; they are systems.
Systems are systems software programs that run in a specific environment (kernel) and provide a way for users to manage software. They also include","The central theme of the movie is that we are all in this together. 
 
 I think it would be a great idea to have an online petition for people who want to see more movies like this. It could get some attention and maybe even make them reconsider their stance on SOPA. 
 
 If you don't know what I'm talking about, it's basically about how much money Hollywood makes off of us every",A,2,3,,A,4,5,,A,2,4,,,,,,,,,,,,,9_50_869
"The key aspect of the internet is that it allows people to communicate with each other without having to go through a central authority or government agency. 
 
 This means that if you want to send an email from your computer and someone else wants to read it, they can do so by sending their own message over the internet. If I have my friend send me his email, he has no way for anyone else","The key aspect discussed at this meeting is what can be done with the data we already have about the Internet today, and how this data can be integrated into applications and services. This topic is a major focus of the Open Data Summit. As we move forward, we need to take advantage of the Internet's immense capacity of data. The Internet data center offers a vast amount of data storage capacity.",Both,3,5,,Both,4,4,,Both,4,4,,,,,,,,,,,,,11_29_754
"In this essay I will explain why the US is a bad place to live and how it got that way. 
 
 The United States has been in decline for quite some time now. It was once one of the most powerful countries on earth. But now we are just another third world country with no real influence over our own destiny. We have become so dependent upon foreign oil that we can barely afford it.","In this essay, we will explore the concept of a ""trend"" in data mining. A trend represents a particular change in data mining, as the number of data points in our data warehouse grows.

The most common use for data mining is to build an index on the underlying data, and to search the data using keywords and filters. However, the data may be more diverse than",B,4,5,,B,5,4,,B,4,4,,,,,,,,,,,,,19_335_440
"Views on the topic are very polarized. 
 
 I think that it is a good idea to have an open discussion about this topic. It seems like there has been some confusion over what exactly constitutes ""piracy"" and how we should deal with it. The general consensus of opinion seems to be that piracy isn't really all that bad if you can get your content legally. However, many people seem to believe","Views on the issue are mixed. The American Civil Liberties Union said it ""strongly disagrees"" with the decision and said that the ruling is a ""serious blow for privacy rights across the country.""

The ruling is particularly troubling to tech companies, which are already required by law to get permission from law enforcement agencies. It would also make it harder for tech companies to share user information with",Neither,4,4,,B,4,4,,B,4,4,,,,,,,,,,,,,2_227_252
"In summary, we have found that in a group of patients with a history of schizophrenia, a combination of the following drugs is effective for a period of 2 weeks: clodopa, ketoconazole, and sertraline. The drug combination is also effective for the duration of the study, with a mean decrease score of 0.01 points.

The data presented here are","In summary , the US government is trying to force Google and other search engines into giving up their data on every single person who has ever searched for a certain term . 
 Text: I 'm not sure if this will be an unpopular opinion or not, but it 's my personal view that we should all have access to our own information so that we can make informed decisions about what kind of life",B,4,4,,B,3,4,,B,3,4,,,,,,,,,,,,,0_644_197
"It has been shown that there is a difference between the quality of information in the internet world of today and the Internet in the past. In particular the information available through social networking websites has become increasingly accessible online, but this accessibility is not universally available. The information available to users online in the past was often filtered for certain purposes and content. In the modern Internet, information is accessible at any time","It has been shown that the US government is not only spying on its own citizens, but also other countries as well. 
 
 The NSA and GCHQ are both part of a joint program called PRISM, which allows them to collect data from companies like Google, Microsoft, Yahoo, Facebook, etc. They can then use this information for surveillance purposes. This includes collecting all kinds of personal information, including emails, text messages,",Both,2,4,,Both,4,3,,Both,4,4,,,,,,,,,,,,,17_518_199
"More importantly, the new model will help make the industry's own sensors cheaper, easier to use and easier to develop.

For the past six months or so, we've been tracking a number of sensors on a Raspberry Pi. This is what a sensor looks like:

The Raspberry Pi is a microcontroller which has a hardware keyboard, mouse, keyboard and mouse drivers, and a","More importantly, why is it that the US government has been so slow to respond and what can we do about it? 
 
 I am not a lawyer, but this seems like an obvious case of abuse by the government. The only thing they could have done was simply refuse to allow them into the country. They are clearly trying to make their lives as difficult for these people as possible. If you don't believe me,",A,2,3,,A,4,4,,A,3,4,,,,,,,,,,,,,12_720_219
"An illustration of the difference between a good and bad idea 
 Text: I was reading an article about how to make your own solar panels for less than $100. The author said that you can get one from China or India but they are not as good. He also mentioned that if you want something better then go with a US company like Solyndra. So he gave me some links on","An illustration of the future of artificial intelligence. Credit: MIT/J.C. Chia

A major milestone in the development of artificial intelligence has been achieved by researchers at MIT, the University of Cambridge, and the Institute for Computer Systems.

The researchers are building computer code that can understand, process and interpret text, and that can also be programmed to do many tasks, such",B,4,4,,B,3,4,,Both,3,4,,,,,,,,,,,,,6_237_700
"Furthermore, the fact that the United States is the only industrialized nation with a higher rate of infant mortality than other industrialized nations is an indicator of a more healthy population than developed nations; however, the data does not clearly show whether these results apply to the entire world. The World Health Organization, which reports on mortality trends, states that the data for mortality data collection is limited and not always accurate.","Furthermore, I have a friend who is an engineer and he says that the only way to get around this problem would be for Google to change their algorithm so it does n't favor certain sites over others. 
 
 What do you guys think? Is there any other solution besides just changing Google's algorithm? Or should we all just accept what they are doing as inevitable? 
 
 **TL;DR**",B,4,4,,Both,3,4,,B,2,3,,,,,,,,,,,,,8_730_743
"Prior to this, it had been reported that the device was capable of running Android 4.0 and up, and was able to boot from USB flash memory, but that it would be possible to boot the system from a CDROM drive via USB flash memory.

The new device, with its built-in micro-SDXC memory expansion, should allow for boot up from USB memory","Prior to this I had never heard of the term ""reddit"" until a few days ago when my friend told me about it. 
 
 So what is reddit? Is it just an online forum for people who like to talk and share things? Or does it have something more than that? What are some other things that reddit has going on besides talking online? 
 
 Thanks in advance :)",Both,4,4,,A,3,4,,Both,3,4,,,,,,,,,,,,,13_642_745
"The connection between the human body and the environment is well established. For example, humans have adapted over the last several thousand years to live with and consume large amounts of animal tissue, and it is common for animals to consume more tissue than they need. The following are some examples of the types of objects or events that can be stored as an XML file with the XML file extension xml2xml.","The connection between the internet and our phones is a very tenuous one at best. 
 
 I have been using my phone for about 2 years now without any problems. Recently however, it has started to act up again. It will not connect to wifi or 3g networks anymore. This happens every time I try to use it. When this happens, I can usually get back on by rebooting it, but sometimes",Both,4,4,,Both,4,5,,Both,4,4,,,,,,,,,,,,,3_818_679
"To review, I'm not sure if this is actually going to be good but it's still worth a try. It's very easy to do, the app is clean and the interface is pretty simple. The app is only available in Korean but the app is translated to Chinese as well. If you can speak Korean, it's probably fine for you to download and install it. It also allows","To review, I am a college student who is currently working on my first year of law school. 
 
 My professor has been teaching us about the history and philosophy behind copyright law. He also teaches that we should not be afraid to challenge our own beliefs when it comes to copyright. This was something he emphasized in his lecture today. The problem is, this seems like an odd thing for him to say. It sounds",A,4,4,,A,4,4,,A,4,4,,,,,,,,,,,,,5_890_353
"To conclude, I think the best way to get a better understanding of what is going on in our society and how it affects us all would be for everyone who reads this thread to take some time out from their day job or school work to read through these posts and then come back here with your own opinions. 
 
 **TL;DR** - The internet has made people more aware that they","To conclude, I would like to share with you the following quote from my book "" The Rise and Fall of the Third Reich "" (published in the US in 2003): 'We must remember the history of Germany and understand that Nazi propaganda in Germany was a key source of information for the intelligence community during the period between 1939-1945. The information was disseminated via an electronic communication network, or",Neither,2,5,,Neither,4,4,,Neither,2,4,,,,,,,,,,,,,10_867_684
"In brief, a lot of us have heard that ""if your computer is infected it should be shut down"" and we have heard about ""shutting down"" Windows and other programs, but this isn't the case. In Windows Server Update Services (WSUS) you have a few more ways of getting Windows up to a higher level of security than the default Windows version that runs on Windows.","In brief, I am a student at the University of Texas in Austin. My professor is an extremely conservative Christian who has been teaching evolution for over 20 years. He believes that humans are descended from monkeys and apes, but he also teaches creationism as well. 
 
 The first day we had to do some research on evolution, my teacher told us about how there were no transitional forms between apes and monkeys. This was",A,2,4,,A,3,4,,A,3,4,,,,,,,,,,,,,7_662_837
"The issue focused on the state of the country and the country itself, and how it is evolving. It also highlighted the challenges the UK faces to its economic growth and employment.


It was the first major policy speech from Prime Minister Theresa May and was a big win for the Leave campaign and her party. The speech was a success in the UK media with a huge online audience and on social","The issue focused on the fact that a company was offering to pay for an employee to have sex with someone who had been fired from their job. 
 
 I think this is pretty much what happened in my case. My boss and his wife were having marital problems so he decided to hire me as a temporary replacement until they could get back together. He told me it would be fun but not something we",Neither,4,4,,Neither,4,4,,Neither,4,4,,,,,,,,,,,,,18_456_519
"This essay discusses the relationship between science and religion. This essay is a reflection on my own personal experiences of growing up with science and religion.

A few years ago I was asked to speak at a conference.

The question came up,

Why is there no way to download a single image file, for each page or document, from one site on this website?

","This essay discusses the history of the Internet and how it has changed our lives in many ways. 
 
 &gt;The internet was created by a group of scientists at Bell Labs who were trying to create an electronic version of Morse code. They had no idea what they would do with it. It took them years before they realized that this new medium could be used for so much more than just",Both,2,3,,Neither,3,3,,B,2,3,,,,,,,,,,,,,1_212_247
"To summarise, a number of the main features we have seen from our current platform in terms of performance can be achieved in the next couple of releases with little to no change to existing codebase.

We are not planning on releasing a major new version until after the next stable release of Linux, and the next stable kernel.

The new architecture and kernel have been in development for","To summarise the story so far... 
 
 I was at a friend's house for dinner and we were talking about how much he hates his job. He said that it is very stressful to work in an office all day long with no time off or any kind of flexibility. It also takes up most of your free time. The only thing you can do outside of working are go out on weekends when",A,3,4,,Neither,4,4,,A,2,4,,,,,,,,,,,,,15_856_503