"From files: pickles/legal_pickles/legal_A,B.p, greedy_bow_results.json",,Which passage is more topic relevant?,How fluent is the passage of A?,How fluent is the passage of B?,Shannon,Which passage is positive?,How fluent is the passage of A?,How fluent is the passage of B?,Raymis,Which passage is positive?,How fluent is the passage of A?,How fluent is the passage of B?,Hayley,,,,,,,,,,,,
"Emphasised are the two most common and significant factors for the development of depression in patients with bipolar disorder, but there are other factors that are important and warrant further investigation. The aim of this article is to review the evidence of these different influences in order to provide a framework to understand the different mechanisms involved in the pathogenesis of the clinical symptoms of bipolar disorder. A brief introduction will be given to the evidence in order to allow a more accurate understanding of how and why these different mechanisms are implicated in the pathogenesis of
 ","Emphasised are:

1. An explanation of the principles on which this case law and the law of torts is based and the consequences of an act that is not reasonable, and

2. The legal requirements under which liability arises under this case law.

The law of liability

In the first section, the court explains the laws relevant to liability arising under this",B,4,4,,B,3,3,,B,4,4,,,,,,,,,,,,,41_153_306
"Furthermore, as the government seeks to restrict freedom of speech, the right to freedom of speech has been under assault throughout this case. The Government asserts that the First Amendment requires a showing of a genuine concern over the content of speech. But this is a question of law, not fact, and the Court of Appeals erred in its analysis. In this case we have a First Amendmnt challenge","Furthermore, in this case, the evidence of fraud is far greater than fraud in other areas of law. The court has found evidence that fraud was committed by the defendant in other legal proceedings, in the case of fraud and forgery. In this case the evidence was evidence that the defendant engaged in fraud. The court has ruled that the evidence of fraud is evidence that fraud was committed in law court cases where fraud may have taken place or where fraud might have resulted from fraud. In other instances fraud might well have
 ",Both,4,3,,Both,4,3,,Both,4,3,,,,,,,,,,,,,24_174_29
"The central theme of this article is ""how to do your job as an employer in Canada."" While employers in other parts of the world can hire foreign nationals on a temporary basis without the need for the employer to obtain the employer's authorization in Canada, in Canada an employer may require the permission of the Immigration Minister for an employee to travel abroad to participate in work. The law provides several mechanisms for","The central theme of our work was how to create the most efficient system for managing the world's resources.
 In our case, that would involve using data, rather than rules or rules alone, to manage all the resources. In this article, we will see that the most efficient system is to use rules.
 Rule-based Systems
 We will first examine two rules-based systems. In the first system, each resource is owned by a single person:
 Rule A: All resources are
 ",A,2,2,,A,3,2,,A,3,3,,,,,,,,,,,,,27_710_233
"To review, it was in the summer of 2014. In his first major speech to Congress, Mitt Romney was going to declare that the United States had entered the second stage of bankruptcy, a term that would mean ""that our federal debts will run up to the amount of our obligations and that all debt incurred during the previous 12 months will become due immediately and payable on demand. We shall have no","To review, I will use a case study. It is an interesting case study of the case law on the law of contract in legal ethics. In order to understand what I mean, let's go to the case law of the law of contract:
 The case law says the law will be applied to the case of theft (a contract). In order to prove theft, we will need evidence that someone stole property from us. To prove theft we need proof (or evidence to support theft). To demonstrate theft
 ",B,4,3,,B,4,3,,B,2,3,,,,,,,,,,,,,15_730_743
"It has been shown that a high intake of carbohydrates can promote weight gain, but what about protein and fats? In case you are wondering, a recent study conducted in China showed that subjects consuming high protein diets had more body fat, higher levels of cholesterol and insulin resistance, and a higher risk of developing diabetes and type 2 diabetes.
 In case you are wondering, a recent study conducted in China showed that subjects consuming high protein diets had more body fat, higher levels of cholesterol and insulin resistance, and a higher risk
 ","It has been shown that the brain is capable of storing and retrieving mental data, including memories. The brain also has the capacity to store information that it is not able to store itself.

In the case of the ""Bible,"" the Bible has a ""memoir"" section with the words ""I have written down"" and the words ""the book is written by God."" The Bible",Neither,4,3,,Neither,4,3,,Neither,3,4,,,,,,,,,,,,,51_815_562
"Foundational to this is a very interesting question: Why is there a need to have a universal currency? It's not as if we don't have a lot of currencies in existence today, like the U.S. dollar, the British pound, the French franc and the Canadian dollar.

The United Nations and many governments have established national currencies, and the United States, the world's","Foundational to this is the case of the law of the jungle. It will not stand; it will not stay. A law of the jungle will never stay and will never stay. It will stay, and it will stay until it is dead. The law will stay until all lawlessness and lawlessness will have been eradicated. That law is lawlessness. The law will stay until lawlessness will have been abolished and justice will have been restored. It will stay till justice will be restored to justice and justice will be
 ",B,4,3,,B,4,3,,B,4,3,,,,,,,,,,,,,13_410_293
"Emphasised are the differences of opinion among law enforcement agencies and law enforcement agencies and law enforcement agencies on the use of force in law enforcement.
 The following is a summary of opinion by various law enforcement agencies in the United States on the use of force in law enforcement.
 The American Bar Association (ABA) will be holding law enforcement opinion sessions on the topic of law enforcement in law enforcement on May 13, 2014 in Washington, D.C.
 The following opinion will be offered by the
 ","Emphasised are: the importance of the individual's own self-determination, and the importance of self regulation, including a sense of responsibility for personal welfare and the environment, and personal responsibility for one's family and others' welfare; and a desire to be governed by law and justice

The right to a legal defence may be an essential right, particularly in criminal law and the rule of",Both,2,3,,Both,2,3,,Both,2,3,,,,,,,,,,,,,39_413_780
"Emphasised are some of the key differences between the two versions, with both requiring a minimum of two hours of training.

For example, it would take around eight hours of practice for someone to understand that there is a distinction between a person, or a body of a person, and a legal person, or an entity.

The legal person has the legal rights and duties,","Emphasised are the words of the judge and the jury. The jury will decide who will get justice in the case.
 In court the jury will decide if there was murder, manslaughter, or assault. The judge will make a finding of guilty or innocent. In court there will be testimony and evidence.
 The verdict will be announced in court.
 There will be a witness statement by both sides which will be read before the jury who will decide whether or not there was manslaughter or murder or assault
 ",Both,3,3,,Both,3,3,,Both,4,3,,,,,,,,,,,,,40_396_81
"The connection to the first movie is pretty much a non-issue, as you'll see. But what I did find was that there is a very small percentage of people in America that watch anime in a similar way.

This is the first part of a three part series exploring the role of the internet in the creation or preservation of art forms and the history of the art forms as they","The connection between the law of gravity and the law of attraction has been studied for thousands of years. The law of gravity is one of the fundamental principles that explains how the Earth's gravitational field is created. It was discovered in the 17th century by Johannes Kepler as he searched for the gravitational field of a gas in the Milky Way. The law of gravity is based on the laws of classical mechanics and Newtonian dynamics. In order for an object with mass equal to the mass of the universe to exert gravitational force
 ",Neither,4,4,,Neither,4,4,,Neither,4,4,,,,,,,,,,,,,11_152_337
"Prior to this week, the only way to get one of these devices was through a contract with Samsung. The company's contract with HTC requires you to buy one for $300. The device's name, then, was simply a case of ""HTC One."" It will likely be a minor case, with the company not releasing any more details.
 The HTC One will likely be available on Verizon Wireless for Sprint customers and will retail for $399 for AT&T. Both contract carriers will sell both devices
 ","Prior to this, we were able to build a system in which we can build and deploy the same application multiple times. In the following examples, we have a client that wants the database to update automatically on a regular basis, and a server that will run the application and send back the database.

The following is a partial specification of the data structure used to represent the state of our application",Neither,4,4,,Neither,3,4,,A,4,4,,,,,,,,,,,,,36_841_238
"The issue focused on a new proposal to create an all-volunteer police force called ""the community safety force.""

It would be a police force created with the consent of local communities, and it would be funded by the state, not the federal government. The federal government is not the only entity in Washington state that has to abide by the law.

""We have an","The issue focused on the use of state-funded education programs to support the legal defense of illegal aliens charged with crimes.
 The case, brought by former New Mexico teacher David Hernandez and state judge Michael H. Pfefferkorn against the state of New Mexico, is one of a growing number of state court cases brought to challenge the legal defense of illegal aliens charged with crimes.
 In one case, a state court judge has ruled that state law allows law enforcement officers to detain illegal aliens who have committed
 ",Both,5,4,,Both,3,4,,Both,4,4,,,,,,,,,,,,,56_388_323
"The central theme of the law and order debate, however, has been not whether law enforcement should use deadly force, but how to deal with lawbreakers who commit assault with violence.
 ""I would say it's not a law enforcement issue at all,"" said Paul Elam, a prominent law enforcement figure and author of several books, including ""The Way of Men,"" ""The Way of Men,"" ""No Logo,"" ""The Way of Men II,"" ""Law and Order: Special Victims Unit,"" ""The
 ","The central theme to this article is that there's no way we know what would happen if a large-scale, global-scale collapse was taking place.

The problem is, as I wrote, the government is not prepared for anything beyond what we're already seeing.

I will address the question of the ""natural"" state of affairs, but first I must explain why we are",A,3,4,,A,3,4,,A,3,4,,,,,,,,,,,,,29_219_172
"In summary, our case law indicates that there are two types of crime: first, criminal acts that are committed with the intent to destroy a defendant's estate, and second, crimes that arise out of mere disagreement with another's opinion. We have held that, in both of these cases, the court will order the death penalty, as appropriate, when the defendant is innocent of the crime. In both cases, there is evidence that the defendant was guilty of murder, murder of an unborn child, murder of a
 ","In summary, we found that both children and adults were likely to experience negative consequences when they engage in the use of electronic communication. We therefore examined potential consequences of child abuse by their parent for their children in order to identify risk factors for future abuse. The results of this investigation suggest that children who engage in electronic communication with their parents may be subjected to abuse in the form of parental monitoring and legal",A,3,5,,A,3,5,,A,3,4,,,,,,,,,,,,,0_197_460
"To summarise:
 1. It is possible to make an argument about the evidence for or against the claim of the state that will have no bearing on the evidence that will be presented.
 2. It is not possible to state the evidence for or against the claim of the state.
 3. The appeal court is not required to consider the appeal case in light of the evidence presented by the appellant.
 If you will indulge me briefly here, I will state briefly what evidence will be
 ","To summarise, it was an interesting experience and the first time I had seen this kind of thing happening at a public conference. The first thing that struck me was that the speakers seemed to be having a lot of fun and laughing. That was not my experience in this particular conference and I do not recommend attending such events.

It will be impossible to determine the truth of any accusation that",A,4,4,,A,4,4,,A,4,4,,,,,,,,,,,,,43_495_338
"To conclude, I would like to share with you the following observations about the current political situation in India. I would like to point out how the government of India can improve upon its policies by following the example set by the United Nations (the UN has a reputation of being an authoritarian body with a tendency to act unilaterally), the UN General Assembly and the Constitution. If you follow my arguments, you","To conclude, it is important to note that, although the evidence presented here supports the argument that men are more likely to use force than women, this argument does not necessarily mean that men will be the ones who use force in a fight. In fact, men will likely use force in a greater number of cases than will women—because, as I will discuss in detail below, women are far more likely than men (and men are likely to be injured more severely).
 This article focuses on evidence suggesting that
 ",Neither,4,4,,Neither,4,4,,B,4,4,,,,,,,,,,,,,31_838_827
"An illustration of the state-of-the-art state-of-the-art state-of-the-art state-of-the-art state-of-the-art state-of-the-art state-of-the-art state-of-the-art state-of-the-art state-of-the-art state-of-the-art state-of-the-art state-of-the-art state-of-the-art state
 ","An illustration of an inter-dimensional portal is shown in this handout illustration provided to Reuters on March 22, 2017. REUTERS/Handout via Reuters

WASHINGTON - In the midst of President-elect Donald Trump's campaign pledge to ""dislocate"" Washington's tax code, the tax bill's author, Senator Chuck Schumer, is warning that the measure will leave more money in the pockets",Neither,1,4,,Neither,1,4,,Neither,1,4,,,,,,,,,,,,,22_135_278
"Furthermore, the jury in this case will consider whether the judge violated her oath of office by failing to order an attorney be present for the defense counsel's testimony, as required by statute. See State v. Riddle, 539 N.E.2d 565, 569 (Ill.App.3d Cir.2008); State v. Lefko, 539 N.E.2d 569, 572 (Ill.App.3d Cir.2008) (noting
 ","Furthermore, the report states that ""the government's decision does not affect the legal rights of individuals and businesses to sue in court for damages, and the government has never asserted any authority or interest to do so.""

According to the complaint, the lawsuit is the result of a series of complaints against the agency filed in federal court.

According to court documents filed Friday in a criminal case",Both,4,4,,Both,4,4,,Both,4,4,,,,,,,,,,,,,26_55_588
"To conclude, we should note that there are some very interesting differences between the current state and the earlier stages of the study: the use of data from multiple sources, the assessment process, the selection of participants, and the inclusion of participants who were already taking medication. The study did not consider whether there might have been other factors that led to the outcome. However, we are confident we have identified","To conclude, I'd like to offer an argument for the argument from silence. I have two reasons for this argument. The first is that the argument from silence, which is used frequently in ethics and law, is the argument I use to argue in favor of a law of the jungle. The second is that I think the argument is a reasonable defense of law of the jungle in its current state.
 I will use the argument from silence to support my argument. It is not necessary to be in law school
 ",B,4,4,,B,4,4,,B,3,4,,,,,,,,,,,,,30_818_603
"To review, a lot has happened over the past week. First, the Supreme Court ruled the ban on ""sovereign immunity"" was unconstitutional. That is a big deal.

Then the government of Canada said it won't interfere with state elections. The next day, the government of Quebec said it won't be interfering, but it might. And then the courts ruled that if a","To review, the first part of a series on ""the law, lawlessness and violence that plague the Islamic State.""
 The first thing that strikes you about ISIS is how easy it is to kill.
 ""Kill a civilian and you get the same sentence, if you are not guilty,"" a senior law enforcement official told me. ""If you kill an innocent person and he is guilty, he will be killed. The law will not apply to you.""
 I spoke with the law enforcement official
 ",Both,4,3,,Both,4,3,,Both,4,3,,,,,,,,,,,,,16_780_541
"In brief, I will be doing a series of posts on some of the biggest questions that will arise from the next few days. This first post will cover what we know so far:
 - The state of the case.
 - The legal arguments and legal arguments against.
 - The state of the case law and the court's opinion.
 - The legal argument from the attorney general's bench.
 The case law
 On Thursday, the judge will decide whether there should be
 ","In brief, a ""non-profit corporation"" means a person or company that receives income from the sale of goods and services by means of a tax-exempt organization and uses the proceeds to make improvements to the property to which the organization is dedicated. A corporation is subject to the tax laws of the State of Illinois when it is formed by a law of the state, a county, or the",A,3,4,,A,4,4,,Both,3,4,,,,,,,,,,,,,20_3_102
"Foundational to this is the law of causality: ""If you have a law in effect in which something is caused by another, you can be certain that something will follow from it."" If we take an example of a law, law of causation, which says that a law of nature will be followed by law of justice, this is because there has been a law of justice in effect in the law of nature. This law of order, law of justice has been law of order in the case of law of nature;
 ","Foundational to this is the concept of the human brain. The brain is a collection of cells which are interconnected through a network of neural pathways. It has been hypothesized that the brain has evolved to be more efficient at processing information from multiple sources rather than just one.

The research team's results show that people who have more information in their brains are happier, according to the study's abstract",A,2,5,,A,2,5,,A,2,3,,,,,,,,,,,,,14_823_506
"The relationship between the state of the nation, its capital and its capital city is in danger of breaking down, and the state will face significant challenges as we face the economic challenges of our time, and the challenges of our time. I would like to appeal to people in Washington, as well as all of us, to join us to take the fight to the capital state to reverse the trend of declining growth and prosperity in our state capital.
 Our economy depends on the capital state being strong and prosperous.
 ","The relationship between the two cities is already well defined in the way they interact with the rest of the country. But with an estimated $1.1 billion in proposed infrastructure, and an eye on the future, a new study by Boston Consulting Group and the Commonwealth of Massachusetts suggests that if Boston is to maintain its lead in the country as the most livable city in America, it needs to be",Neither,3,4,,Neither,3,4,,Neither,3,4,,,,,,,,,,,,,47_883_838
"More importantly, it's a sign of the times when a new generation of American conservatives is willing to embrace the Republican party platform as a means of expressing their conservative values and beliefs.

The platform, which has no real binding legal force, is a set of laws that are adopted by the Republican party of the state at the state convention in November, when state lawmakers elect party leaders for their","More importantly, he says, ""there's no evidence of any harm from this.""
 In his view, the court's opinion is a victory for law-abiding gun owners — not criminals and the mentally ill. ""I think that there is no evidence to say that the Second Amendment was written to prevent law-abiding citizens and people like you from carrying guns. That's not my view.""
 A judge in New Jersey's trial court has ordered that the case be dismissed because of a legal argument that
 ",B,4,4,,B,4,4,,B,4,4,,,,,,,,,,,,,48_146_125
"In this essay, we will explore the nature of the 'right' to self-determination. The argument will be made that the state must be able to make decisions that affect the wellbeing of citizens – not that it has a right to decide for them. The state's decision on which citizens to allow to become citizens of a foreign sovereign state will be determined by the law of the state where it","In this essay, the author discusses a possible solution to the current state of legal cannabis research and legislation, which will allow the legal production, distribution, consumption, and regulation of cannabis within state borders. The author will discuss a range of approaches to legal cannabis research, including: a) a legal framework for the legal production, use, and possession of cannabis in state borders; b) a legal framework for the legal production, use, and possession of cannabis in state borders; c) legislation for the legal production,
 ",Both,4,4,,Both,4,4,,Both,4,3,,,,,,,,,,,,,57_502_57
"To summarise, a lot was said about how the current system works and how we would implement a system of ""one size fits all"". The problem is that, as the system works, it's often the people who are most disadvantaged who suffer most from this system.

I don't know how to answer this, and I have some ideas but I'm going to stick with my original","To summarise, here is what happened: the case is being handled by the court, but I will be asking the court to order the state prosecutor to investigate, and then prosecute those involved who were in charge of the murder. The state prosecutor is also supposed to make a report on that case.
 The case of Nesbø is very simple: a murder case in which a witness was murdered, and the witness was in charge of the murder.
 The witness had been in charge of the
 ",B,5,3,,B,5,3,,B,4,3,,,,,,,,,,,,,42_538_857
"It has been shown that women in prison tend to experience higher levels of anxiety and depression as a result of being in prison. In order to understand the mechanisms by which the prison environment impacts mental health outcomes in this population, it has been suggested that prison-related stressor-related changes could be involved. The purpose of this study was to determine whether prison-related stressor related changes in women in prison were associated with mental health outcomes in the prison population. A cross-sectional design was utilized to measure prison-related
 ","It has been shown that there is a difference between the quality of life of the elderly relative to that of the younger adults. A study by Professor Richard Cairns and Professor Andrew J. Brown from Oxford, published in Health Policy, concludes that a large, comprehensive, evidence-based health service for the elderly is not only economically feasible, but is also politically necessary.
In the UK,",Neither,4,4,,Neither,4,4,,Neither,2,4,,,,,,,,,,,,,52_221_518
"In brief, the new rules were intended to help protect the integrity of the system and to ensure that it would not become the subject of litigation, the report said. However, it noted that the law was already under review in courts across the nation.

""The federal courts are going to continue to look into whether the rules are legal and enforceable,"" Mr. Justice Samuel Alito said","In brief, the new law will make it easier for law enforcement to track down illegal immigrants who commit crime and prosecute them, but it's unlikely to reverse the trend that has led law enforcement officials to arrest more than one-fifth of felony illegal immigrants in the U.S. in a single year.
 The law, known as S.B. 789, will allow law enforcement officers to record law enforcement officials' law enforcement orders to detain and arrest someone they suspect of violating criminal law. In addition
 ",Both,5,4,,Both,4,4,,Both,4,4,,,,,,,,,,,,,19_624_611
"To summarise, the study's findings support the view that the relationship between the number of hours per week spent watching video games and the likelihood that a person will be bullied is negative, suggesting the importance of video game education in the development of healthy self-esteem.

The researchers also concluded the study's results have ""concerning relevance and significance to future studies of the relationship between video gaming","To summarise, the law will be amended to include a 'provision for law enforcement agencies and other legal entities to be exempt from the provisions of subsection (1)(b), including law enforcement agencies and law enforcement agencies' legal entities'.
 It will be added, for law enforcement agencies and law enforcement agencies, that, 'the law enforcement authorities may not require that any information, including data, be obtained in an order, order under section 9, 9A, 9AAB or 9AA of The
 ",B,4,3,,B,4,3,,B,3,3,,,,,,,,,,,,,44_126_7
"Foundational to this is the notion of 'social capital'. Social capital is something that will make a difference to an individual's life. It will make the difference between having a job and being unemployed. Social capital is something that will give a person a chance to grow up, to be a member of something more than just a family, and to be valued and appreciated for their talent or skill.
 This is where the term 'social capital' comes from. It's a concept that will determine who is able to take
 ","Foundational to this is that the first generation of men were born with a lot of sexual problems. The problem is, most guys will be fine with sex until they're 40 years old, when the sex drive starts fading. The only hope is to find a new sexual partner and get them into a committed relationship.

But if you are a man who's had multiple sexual partners in college",Neither,4,4,,Neither,4,4,,Neither,3,4,,,,,,,,,,,,,12_837_628
"In this essay, I'll explain why I think that the concept of 'the market' can be useful in economic theory. I'm interested in the question of how markets operate as institutions that are not only voluntary but also are governed by the principles of law and reason. The legal system is, after all, designed by a legal law, and the principles of reason are designed by law, not","In this essay, Michael S. Williamson describes what it's like to have an opinion, and how he's trying to change that opinion.
 I've had an opinion about politics for decades.
 I don't like Donald Trump; and I've said I will not vote for him.
 I don't care that I disagree with him on everything, including his policy positions, his views on law enforcement, his views on climate change, his views on immigration, his positions on the environment, or
 ",A,4,5,,A,4,5,,A,4,4,,,,,,,,,,,,,58_456_519
"Prior to this year's state legislative elections, state Sen. Mike McGuire (D) had been in a contract with the state party to work as the party's state director. McGuire resigned from the party in June 2016, saying he wanted a change of party organization.
 But on Monday, state party chair and party co-Chair John Friesen (R) told the state party's website that McGuire will stay in his current position.
 A state party spokeswoman said the party will not
 ","Prior to this year, we had no idea that the government could actually force the Internet service provider (ISP) to keep track of users' online activity. The FCC proposed such rules last year, and now the Supreme Court appears poised to uphold them. The issue of net neutrality is not a technical one, so much as an issue of law. As the FCC said in its brief, """,B,5,5,,B,5,5,,B,4,4,,,,,,,,,,,,,38_501_894
"The relationship between gender, sexuality and violence has long been recognized as an important determinant of violence. The evidence that sex is a key determinant of violence, however, has remained controversial among researchers, researchers, and practitioners. This review focuses on the evidence of the role of gender in the relationship between violence and sexual violence in a large cohort of young women and their intimate partners. The evidence includes data from a wide range of studies, including case-control studies, cross-sectional surveys, and case-control
 ","The relationship of a woman to her husband and father is a complex one. Some wives are content to let their husband have control over the home. They feel that their husbands are responsible for the home, and are therefore less likely to be angry and jealous at their husbands. The other wife is not concerned with how much she pays for food, and is more likely to be worried about her children's",Neither,3,4,,Neither,4,4,,Neither,4,4,,,,,,,,,,,,,46_261_292
"The issue focused on the issue of whether the federal government should require that a company disclose its political spending and its influence on legislation. The court decided, in a 4-to-0 decision, that the issue was a ""fundamental one,"" so the government had no right to compel companies to disclose that information to lawmakers, and that it lacked standing. The court also ruled that the government did","The issue focused on the state of the state's law enforcement and crime statistics. It was one of several issues on the November ballot.
 The issue focused on the state of the state's law enforcement and crime statistics. It was one of several issues on the November ballot.
 ""There is not a lot of information coming out. It's not as if crime has gone down in some states,"" she said during the debate.
 The attorney general argued crime has actually gone up since 2011 when voters approved
 ",Both,4,4,,Both,4,4,,Both,3,4,,,,,,,,,,,,,54_686_201
"In this essay, I will try to explain a couple of ways I think about the problem of justice in the case of the case of murder of Michael Brown and will discuss the reasons for thinking that the law is broken in this case. I will also explain why I think this case is the exception to the law of murder.<|endoftext|>We are currently working on the next update for The Witcher 3: Wild Hunt and will announce it once it will be ready for download for PC.
 We'll keep you informed as
 ","In this essay, I'm going to talk about the importance of the role of the Church in society and why it's a necessity for a free society. I'll also explain why we can't have free trade and why we have to have an international system, in order to ensure that every member state has the right to develop its own legal system in accordance with international law. In order to achieve",Both,2,4,,Both,2,4,,Both,3,4,,,,,,,,,,,,,59_559_438
"This essay discusses the ethics, ethics rules, legal rules, legal ethics rules, legal rules that govern the use of state law to regulate the use of state law, state law rules governing how legislation can be amended, how legislation can be rejected or changed, state law rules that are applicable to every state, state law rules that apply to all jurisdictions, state law rules that apply to all state law rules, state law rules that apply to all state law rules, state law rules that apply only to the state of New
 ","This essay discusses the relationship between gender and violence. We argue that, although gender has an important role to play in understanding and responding to violence, the data on violence against women, which are often based on victim-perpetrator data rather than on the actual perpetrator, does not support the proposition that there are fewer men on the street committing crimes. The evidence from crime statistics is often incomplete and",A,2,4,,A,2,4,,A,2,4,,,,,,,,,,,,,4_819_678
"The connection between the two worlds was made clear when the first of the two men was taken into custody, according to the report.

According to the report, the man who is now known as Omar Khadr, who was born and raised in Toronto, was in court Tuesday, accused of trying to kill two police officers, the second time in the city's history that accused are charged with","The connection between religion, politics and law has never been stronger in America. The law that governs our country's public schools is an abrogated version of a law that governed Britain's colonial past, one that was intended to prevent the appearance of state religion, a law that will now be used to suppress all religious activity in the public sphere.
 We are witnessing the law of the jungle: The law of the jungle will be used to suppress any religious activity that is opposed or opposed to the law of
 ",Both,4,4,,Both,3,4,,Both,4,4,,,,,,,,,,,,,9_360_717
"This essay discusses an issue in feminist philosophy that may seem obvious, but is often overlooked in favor of a more conventional feminist reading. The issue concerns whether or not there should be a distinction between the rights of persons and the right of states to regulate.

I will start by stating a claim I will be making about the rights to be free from government regulation as a right: there is no","This essay discusses the evidence that the state's use of capital punishment has increased since the 1980s. It will be used to explain why capital punishment has increased since its abolition. It will then be used to explain why capital punishment is not an appropriate method for determining guilt or innocence for capital crime and will explain some of the evidence suggesting it is an appropriate method.
 What evidence does the state use to justify capital sentencing?
 Capital punishment is justified because crime increases and state crime control increases. There will not
 ",B,3,3,,B,3,3,,B,3,4,,,,,,,,,,,,,5_840_193
"The central theme of the new study is that we can learn a lot about mental health from the way people behave in the social environment—including the ways they interact with friends and family members. For a large sample (N=13,749) and a standard deviation of 2.2, we find that there was no significant difference in the relationship between self-reported sexual partner violence in college","The central theme of the new film, which will also be released in North America on November 17th, is that of a family that, through an unfortunate event, becomes separated from its son in an effort to find him, only to discover that it has been taken from the family.
 It will be interesting to see the reaction of the audience to this family's journey. We can only wait and see what the film will be like and if there will be any surprises or even twists in the plot. For
 ",Neither,4,4,,Neither,4,4,,Neither,4,4,,,,,,,,,,,,,28_606_33
"In brief, the argument of this argument is that we can only judge people who are in power by what they do. It is that we have no way of seeing what they will actually do once they are in power, because that will be impossible, so we have to judge by what they do.
 The argument of this argument is based on the idea that the argument is not about the evidence. It is about the argument being about what we can judge by, not about evidence itself.
 In fact
 ","In brief, it's not the case that the U.S. government has the authority to unilaterally disarm a country that has never been at war with another country. The Supreme Court's recent opinion in District of Columbia v. Heller provides some guidance on this important issue.

The decision is important both because it sets the legal precedent for other sovereign states that would want to seek legal standing to",B,2,3,,B,2,4,,B,3,3,,,,,,,,,,,,,18_367_50
"The key aspect of a good defense, however, is to be able to defend against all kinds of things. And this is where the ""three-deep"" defense comes into play. The defense will have to be able to defend against multiple types of offensive attacks, from a simple one-on-one, to a three-man rush, and more.
 In order to be able to defend against all of that, a defense will have to be able to stay flexible, flexible enough to handle different situations
 ","The key aspect discussed by the government is that it will not seek a court injunction against the proposed law, even though it is not clear whether any other laws would need such protection.

In addition, the court noted that the statute is not ""a statute"" but rather a law that is ""substantially similar to an existing law"" and has the force of law. In other words",B,4,4,,B,4,4,,B,4,4,,,,,,,,,,,,,33_745_508
"More importantly, the new law will be enforced by state law, and will have no impact on private law enforcement officers.
 The new law will apply to law enforcement officers who arrest someone for an assault that is not a felony. Under this law, law enforcement officers have to record a description of the arrestee in order to arrest them. But it will not apply to law enforcement officers who arrest someone for assault in the first or second degree, assault in the third degree, or robbery in the third degree.
 ","More importantly, the U.S. government's failure to protect whistleblowers who are accused of breaking government laws has been a key obstacle in the prosecution of whistle blowers in the past. For a number of decades, the courts have held that a whistle-blower is not entitled to a jury trial in an administrative proceeding. The U.S. Supreme Court has held that the ""public interest",Both,3,5,,Both,3,5,,Both,2,4,,,,,,,,,,,,,50_789_774
"Views on a variety of different issues have prompted the US Department of Justice to ask federal judges in Maryland to rule in support of its lawsuit challenging Maryland's same-sex marriage ban. The suit, brought by the state's Attorney General, Brian E. Frosh, seeks declaratory and injunctive relief against Maryland and all state and local jurisdictions that refuse to recognize a marriage license issued","Views on the state of the state of the nation
 This week we will be covering some of the state of the state of the nation as seen through the eyes of one of our own, a former state senator (D, CA). In order to better understand our opinion, I thought I would look at the state opinion polls, which are often used in opinion polls to gauge how Americans feel about specific legislation being voted on. These polls are typically conducted online using the state's online polling platform which provides for
 ",A,4,4,,A,4,4,,A,4,3,,,,,,,,,,,,,6_4_681
"Views on this post:

In this post I will talk about using a tool to find out how much the market value was before the bubble burst. You might think that this would mean a market crash would result, however, in the most recent case in 2008, the economy was so badly hit that the crash did not result a crash.

The chart below shows the S&","Views on the law of theft, theft by deception, and murder in America have grown steadily since the 1980s.
 The law is so ingrained in law enforcement that law enforcement officers will often tell you that their first impression of theft is that it's a crime, not a legal defense. It is so ingrained that a crime law expert told The Wall Street Journal that law enforcement ""has no legal defense for murder, theft, fraud, or robbery that will allow them to claim immunity from criminal prosecution."" In
 ",B,3,3,,B,3,3,,B,3,3,,,,,,,,,,,,,7_168_95
"In summary, the case of the alleged ""rape of a minor"" case in New Delhi has raised some questions in the public consciousness about law enforcement agencies and law enforcement agencies in general.
 The case was filed by a family in Jharkhand who claimed that after a family gathering, they were allegedly gang-raped by a group of men in a village near their village. The family claimed that their daughters were gang-raped by at least seven boys between the ages of 15 and 17 years old.
 ","In summary, we believe the US government should not be allowed to continue to use drones for surveillance purposes, including the military. We urge Congress to reject the proposed law.<|endoftext|>The following are the results of a new survey which asks the question, ""Should we support or condemn gay marriage?""

I am currently attending a conference with a number of friends who are gay, some of whom have",A,3,5,,A,3,5,,A,3,4,,,,,,,,,,,,,1_213_246
"This essay discusses the state of law, constitutional law, and law of war in modern Syria and Iran, as well as the legal issues of military force (the law of war), immunity from prosecution, and law of war law and rules governing use of force.
 1. The law of war in the Middle East
 The law of war in the Middle East is the law of war that governs the conduct of war, the rules of engagement (the rules of engagement), the resolution of conflict (the resolution
 ","This essay discusses the history of the concept of the ""law enforcement officer,"" the relationship between police and the community, and the role of race.

The term police officer first entered popular English legal usage in the late 1820s, during the American Revolution, and was originally used in a criminal law context as law-enforcement officers, or law enforcement officers acting as officers of law, and",Both,3,3,,Both,3,3,,Both,3,3,,,,,,,,,,,,,3_65_860
The key aspect discussed at this meeting is not only the need for more research but also the necessity of developing strategies to address this growing issue. The meeting will examine the issues and strategies proposed to be developed and implemented as part of this study with particular attention to the issues and challenges that must be addressed for this emerging technology to become a reality. We will examine the challenges in developing a comprehensive regulatory framework,"The key aspect of the law is that it is intended to provide legal immunity from civil damages for individuals who have been victims of sexual assault or harassment. As long as it is legal to engage in the same sexual activity with someone, the law will allow anyone who has felt violated by the act or has been the victim of it—whether the victim is a woman, man or child—to file suit against someone else if they believe that defendant did not intend it or acted out of negligence. However, sexual harassment law
 ",B,4,4,,B,4,4,,B,4,4,,,,,,,,,,,,,35_176_283
"It has been shown that the effects of the stressor on the hypothalamic-pituitary-adrenal axis are mediated in large part by the decrease in testosterone production. However, other studies have reported that the stressor may be responsible for the increased risk, and some have suggested that there may be an association between higher levels of education and lower crime rates, especially in areas with high","It has been shown that the human brain's capacity to recognize faces is dependent on both the size of the eyes and the position of the nose and mouth. However, it has been assumed that these two features are related to one another, and that the relationship between these features was established via a process involving the recognition of visual features. Using functional neuroimaging, we show for the first time that this relationship does exist and shows that the eyes do play a prominent role when assessing faces. Our results demonstrate that humans recognize faces
 ",Neither,4,5,,Neither,4,5,,Neither,4,4,,,,,,,,,,,,,53_682_887
"To conclude, the state of Israel, which has been an active state in the Middle East since 1948, will continue to be an active state in the Middle East in accordance with its constitution and law. The state will continue to maintain the constitutional order and law of the state, and will be prepared to defend the state and its people and will act as a guardian of justice and order in the state. In case of a state of war, as in case of the current crisis in the Palestinian territories, and as is
 ","To conclude, we are not aware of any evidence that suggests a higher incidence of sexual abuse of children has occurred in the United States compared with other advanced economies. Although sexual abuse in childhood has increased, it has declined over the decades, and in a recent report we identified a number of reasons for this change. In addition to the evidence of increased reporting, there is evidence that reporting is a tool",Both,4,4,,Both,4,4,,Both,2,4,,,,,,,,,,,,,32_649_828
"Views on the subject of immigration are mixed. Most agree that a nation should accept all immigrants who have been legally recognized as citizens of the U.S. and who meet a host of other requirements. But, a majority also say immigration laws have to be tightened. The Pew Research Center finds the following breakdown among the public:

About one-third (34%) say legal immigrants should","Views on the constitution
 By law, all state constitutions must have the right to be amended, but it is up to the state legislatures to enact the necessary legislation to amend the constitution.
 The state legislatures are responsible for drafting, adopting and amending the state constitution. The state constitution was written and passed by a state legislature. The state constitution is constitutional law.
 In order to be constitutional, the proposed state constitution must:
 be adopted by two thirds of the state senate;
 ",B,3,3,,B,3,3,,Both,3,4,,,,,,,,,,,,,8_352_271
"The connection between a man's life and his body is a very important part of what makes him a great human being, but it is also an intimate one. We all experience pain and pleasure in our lives, but the connection between body and mind is one of the most significant in the human experience.
 The brain, as you may already know, is our body's primary organ. This means that it is the one that controls our physical appearance, our thoughts, our actions and even our dreams. But
 ","The connection between a man's sexual orientation and his capacity to kill people has been widely accepted. But new research from the University of Wisconsin-Madison suggests that even though men are often accused of the crime, women are not immune.

""There is no evidence to support the idea that sexual orientation is a factor in murder,"" the study says. ""The results are consistent with a finding of",B,5,4,,B,5,4,,B,4,4,,,,,,,,,,,,,10_237_700
"The relationship of the two parties is one of the most important ones, and we're going to discuss these two issues in this blog post, but I will try to focus on two things here that are not covered in the law, but are important to both parties.

The parties to a contract

A court case involving the relationship of parties will be one in which the defendant has an","The relationship between a person's state of mind and his or her ability to judge risk has become a central topic in the research and law communities. For many years, law professors have argued that law students are not aware of how their minds work in order to make legal sense.
 But now a new study by law school graduates from the University of Michigan has challenged this argument.
 In the study, law school students in their early 20s were asked to judge risk, trustworthiness, and trustworthiness
 ",Both,4,2,,Both,4,2,,Both,3,2,,,,,,,,,,,,,45_394_195
"In summary, the law states, ""If an arrestee is found guilty of murder or manslaughter, he will be held liable for the murder or manslaughter of his wife or minor children."" In fact, the law states, ""The statute does not apply to a minor, but to a minor who was a minor at the time of the crime.""
 The law also states that, ""If an arrestee is found guilty of murder or manslaughter and the crime was committed while the defendant was in custody of law
 ","In summary, it seems that the United States has not changed its policy regarding the sale, transfer, and use of military equipment by other countries. The U.S. government, which has long had a policy of not approving sales contracts from foreign governments, has been more open to the idea in the past year, the White House said in an official response to a congressional subpoena for documents.
",A,2,4,,A,2,4,,Both,2,3,,,,,,,,,,,,,2_451_192
"To review, the argument of this petition is that the law will result in ""unwarranted discrimination of the disabled in law enforcement.""
 To review, the argument of this petition is that the law will result in ""unwarranted discrimination of the disabled in law enforcement.""
 The law will make it legal to arrest, search or arrest without warrant for the misdemeanor crime of being a minor in possession of illegal drugs.
 The law will make it legal to arrest, search or arrest without warrant for
 ","To review, I've just read an article in the NYT, ""Is there a connection between smoking marijuana and mental illness? ,"" which I think is probably the best way of explaining how the article's conclusion is wrong. It is based on a study, a report by the Department of Justice and the Department of Health and Human Services, and I'm sure a number of people will disagree with my",A,3,4,,A,4,4,,A,3,4,,,,,,,,,,,,,17_719_876
"Furthermore, we are not talking about an actual ""game"" that will actually be played, but rather an online game that has players participating in real world battles against AI opponents. We're talking, for example, about a hypothetical ""war"" of words, which could be between ""the law,"" ""the police,"" or ""the people."" The people would be those who would not be bound to","Furthermore, the law's provisions on legal counsel will not be subject to appeal or appeal review under the Supreme Court's law review rules, which will apply to law firms and trial lawyers in order to avoid legal challenges to the constitutionality or constitutionality of the law.
 ""I think we should be able to judge the law on its face and not wait for legal challenges or legal challenges to legal law in order to make a case about it,"" said David H. Friedman, lawyer with the law firm Friedman
 ",Both,3,3,,Both,3,3,,B,3,3,,,,,,,,,,,,,25_754_397
"An illustration of a ""dinosaur"" fossil found on the floor of a cave in northern Spain has been discovered by researchers, who say the discovery will shed new light on the origins of dinosaurs.
 The discovery is a discovery of dinosaur bone that will help to explain the evolution of the dinosaurs and their place in the evolution of life on Earth.
 The discovery was made by a team of scientists from the University of Tenerife in Spain who will present the discovery at a congress in France this week.
 ","An illustration of the Earth and moon from the Hubble Space Telescope.

The Moon is a planet, the astronomers conclude, and that's why NASA has decided to launch a new survey to look for signs its surface has an unusual habit of forming a ""fossilized shell.""

The study, to be published by a team of experts in the spring, is based partly on new",Neither,2,5,,Neither,2,5,,Neither,2,4,,,,,,,,,,,,,21_113_866
"An illustration of a solar flare, which occurred during a rare solar eclipse, on Sept. 21, 2010, on a solar observatory near Cape Canaveral.

A rare solar eclipse will take place on Aug. 20 as it passes over parts of the continental United States. That means you're in a good position to witness the event from a few dozen feet away. You can watch it live","An illustration of the discovery. Credit: Science
 A team led by researchers at the University of Texas-Austin (UTA) is the first to discover a way to detect gravitational waves using an extremely sensitive instrument. This discovery will help scientists to understand how the universe is built up and will help us design new technologies.
 ""Our discovery will help us to predict when the next big bang will occur, but it will also help us to better understand how the universe is expanding now and in the future,""
 ",Neither,4,4,,Neither,4,4,,Neither,4,4,,,,,,,,,,,,,23_206_709
"More importantly, it's the first time that a court has ruled that an employer can fire people based on their sexual orientation.
 It was announced Wednesday by U.S. District Judge David Tatel of New York that a federal jury has found that Hooters restaurant chain discriminated against a lesbian couple by firing them for being lesbians.
 Hooters was found liable by the jury for denying them benefits because they weren't married. They claim that discrimination resulted when management decided to bar them from certain sections at the
 ","More importantly, we have now seen what the FBI has been up to since 9/11: a massive operation with an unprecedented scale and a number of people who would never, ever be considered suspect in their own right.


And now, the Justice Department is investigating whether the FBI illegally used a sting warrant to gather information on millions of American citizens to serve warrants for their arrest in foreign court",Both,4,4,,Both,4,4,,Both,4,4,,,,,,,,,,,,,49_821_184
"Prior to this year, the state of Ohio had no law that would allow law enforcement officers to carry weapons when off duty, but in the wake of mass murder that occurred in Charleston on June 17, 2015, the state of Ohio lawmakers passed legislation that would make law officers who are in uniform carry guns.
 The new law will take effect on August 1.
 In a press release from the Ohio law enforcement community, state Sen. Jon Husted, R-Canton, said the law will
 ","Prior to this week's episode, we had a lot going on. We started the episode with some discussion about the future, including how the new season will start with a bang. After the break, we look at what we can expect from the show, the new episode of The Good Wife and more.

In the wake of the murder trial in the murder trial of former FBI agent Aaron",A,5,2,,A,5,2,,Both,4,4,,,,,,,,,,,,,37_755_848
"The key aspect discussed in this article is that the two main types (the non-standard and standard) are both based on the same concept (a ""class"") and therefore share some fundamental attributes. The main differences between them are whether they are implemented as a method of a class or a method of an argument. For instance, you can have a function called add() that returns the value of","The key aspect of these new models will be their ability to deliver power at high resolution, which will allow the device to perform many types of complex calculations. In a recent paper on quantum computing published in the Journal of the Royal Society Interface, researchers at the University of California, San Diego and the University of Michigan state that a quantum-mechanical device will be able to perform these calculations.
 In the study, they describe a device that can perform quantum-mechanical calculation in a single state.
 ",Neither,4,5,,Neither,4,5,,Neither,4,4,,,,,,,,,,,,,34_600_615
"The issue focused on the constitution in light of the Supreme Court's 2010 Citizens United decision, in which the court said corporations are people and can be held liable for political activity.
 While the justices did not specifically address the constitutionality of the state's law, a state law in Arizona that allowed for the state to file a lawsuit to bar unions from participating in political activity did not appear to be affected.
 The law's constitutionality was ruled in part by a federal court judge who said the law was legal
 ","The issue focused on a recent case where a woman in the state of Texas was arrested for allegedly having an affair with a police officer. The incident, which was later cleared by the state courts, sparked outrage from the American Civil Liberties Union, which called the case ""a clear example of state interference in the police's ability to make arrests"".

The ACLU argued in a legal brief that Texas",Both,4,5,,Both,4,5,,Both,4,4,,,,,,,,,,,,,55_225_624