"From files: pickles/technology_pickles/technology_A,B.p, greedy_bow_results.json",,Which passage is more topic relevant?,How fluent is the passage of A?,How fluent is the passage of B?,Raymis,Which passage is positive?,How fluent is the passage of A?,How fluent is the passage of B?,Shannon,Which passage is positive?,How fluent is the passage of A?,How fluent is the passage of B?,Hayley,,,,,,,,,,,,
"Emphasised are the three main principles: that we should not be able to control our lives or how we live our lives, that we are responsible for ourselves, and that we should respect each other and those around us.
 The principle of personal responsibility is a key one. The fact that we can be responsible for our own actions and those around us should not stop us from taking care of others.
 The key to a healthy relationship is understanding that we are all responsible. That means that we need to
 ","Emphasised are the effects of the drug and the amount taken, and also the effect on the patient's mood.

Drug effects:

In terms of the drugs used in the study, they are as follows:

Ascor, a new approach to understanding the neural mechanisms behind learning

Somali-based researchers have developed a machine learning framework that uses deep",Neither,4,4,,Neither,4,4,,Neither,3,3,,,,,,,,,,,,,41_153_306
"Furthermore, he said, the government's plan to introduce a new national identity card system in October 2016 could also lead to confusion among the public and private sector about the scope of personal data protection.

A major privacy and security concern for many of the world's citizens is the rise of online privacy services. For years, online services like Facebook and Twitter have provided users with information about themselves that","Furthermore, in the case of the data, this could also mean that data from more than one user is being used to create an aggregate data point that does not belong to any individual user.
 In other words, the data could be used as part of an aggregate data set, such as the data from a user login page, that is being used to generate user reports that are being shared across multiple devices or web applications. For example, users might login online and then download data related to user login data
 ",Both,4,5,,Both,4,3,,Both,4,2,,,,,,,,,,,,,24_174_29
"The central theme of the current discussion about the nature of human rights in the 21st century is that the right to liberty and self-determination should apply everywhere. This article attempts to define a more precise definition than the one that has been proposed by the US government, by using the internet, for free.

This site uses a lot of cookies. We recommend that you change cookie settings on","The central theme of our work with digital media is that we need new ways of thinking. We want to know what's really possible. The question then becomes how, if at all possible, digital media is going to be created, distributed, used, and enjoyed, and we are seeking new ways of thinking about how we are going to do just that.
 The Digital Media Project is a partnership between The New York Times and The University of Chicago. It was created with the understanding that The New York Times is
 ",A,4,3,,A,4,3,,Both,4,4,,,,,,,,,,,,,27_710_233
"To review, in the following paragraph I am going to present three articles which I found on my computer. In my opinion it is the best and the most accurate information available regarding this topic in the web.


In the beginning I was skeptical about the existence of a web browser, but the web browser is actually built to support the web page. So I downloaded the browser from my local computer","To review, I had a few issues with the keyboard. It had an annoying click when trying to copy a file, and the keyboard keypad did not scroll when pressing the mouse button for the first time. The mouse scroll was not always accurate, which meant that when I clicked a key with the mouse, I had to scroll backwards, which was uncomfortable. I found this keypad to be very annoying as well since it would scroll backward with my keyboard mouse cursor pointing at the mouse keypad (instead of me
 ",Both,4,4,,Both,4,4,,Both,4,3,,,,,,,,,,,,,15_730_743
"It has been shown that a high intake of carbohydrates can cause an increase in blood glucose levels and decrease insulin output. But what is the exact effect of these carbohydrates? The answer is complex as there are many factors that can cause a spike in appetite. The key is the balance of insulin and glucagon that are present in the blood, but this can vary between individuals. In fact, there is some evidence that the blood sugar may be more sensitive to the presence of certain carbohydrate types than the pancreas. A recent
 ","It has been shown that, when exposed to a single photon, the brain undergoes a process known as synapses. Synapse formation is essential for learning and memory, and the brain requires the formation of new connections for the process of learning and memory.

Synapses are important nodes that connect multiple areas to one another and provide a link between the two processes. Synapses can be connected",Neither,4,4,,Neither,4,4,,Neither,4,4,,,,,,,,,,,,,51_815_562
"Foundational to this is the fact that in many cases, the most valuable asset that a user can acquire is not their money but their time. As a result, we need some mechanism for incentivizing the use of our technology to help ensure our user experiences are as smooth and user-friendly as possible, especially as it relates to the web.

In addition to providing the necessary infrastructure and","Foundational to this is the key to the story of a woman's development and development process. It's about how to make the right decisions for yourself and your kids and what you do with that knowledge.
 In her book, I call it the ""Mommy Effect,"" which describes the way mothers and kids develop and process information differently from their peers. I think that this key to development is what makes her development process dynamic and dynamic. When we're developing our brains at home, we're constantly learning something new and
 ",Neither,5,4,,Neither,5,4,,Neither,4,4,,,,,,,,,,,,,13_410_293
"Emphasised are the strengths, weaknesses and differences between the two teams in each region.
 The key to success in the competition is to be consistent in your play. In our opinion, each team in each region have strengths. We have highlighted the strengths and strengths of both the Western and Asian teams.
 In the Western and Asian qualifiers, we will see a mixture of strong teams, who have strong players and are strong with the ball. The teams are not always the best teams in the world, but
 ","Emphasised are some of the key differences between the two versions, with each offering a unique look. The latest version of the operating system includes a built-in keyboard which allows users to type commands, such as launching web pages using a web browser, while a web browser is also required to view documents.

It also includes a new web browser, Firefox, which can run as a",B,4,4,,B,4,4,,B,4,4,,,,,,,,,,,,,39_413_780
"Emphasised are the benefits of the program and the cost of the program to each person enrolled.<|endoftext|>By: Dr. Peter G. Ruzicka | October 14, 2013 11:00 am ET

It's hard to imagine that the world's top scientists are more dedicated to their scientific careers than Nobel Prize winner Peter Higgs and his collaborator, physicist Paul Wiener. Both have","Emphasised are the key words: ""The"" and ""the"". The term ""the"" has been used to refer to the entire document in its entirety and is used in this document only to mean the whole document. The ""the"" is used only when necessary in order to avoid confusion between the document and it's parent folder (e.g. ""The Documents"").
 The document format for document upload has been developed and standardized by the XML Standards Consortium (XSS). It provides security benefits including security
 ",Neither,4,3,,Neither,4,3,,A,4,3,,,,,,,,,,,,,40_396_81
"The connection between the human body and the environment is well established. For example, humans have adapted over the last several thousand years to live with and consume large amounts of animal tissue, and it is common for animals to consume more tissue than they need. The following are some examples of the types of objects or events that can be stored as an XML file with the XML file extension xml2xml.","The connection between the media and the media, media and society is not something that we need to accept. The media is a network of institutions that link media with society. This link between media and society is one of the most important ones in our society's development. It also has a profound effect on the media and our societies in which we live.
 There are many ways of understanding media and society; however, one of my colleagues in journalism says media should be defined as an ecosystem that connects society with
 ",Neither,3,3,,Neither,3,3,,B,3,2,,,,,,,,,,,,,11_152_337
"Prior to this week, the only way to get your hands on an Xbox One S was to purchase an extra copy of the game for $499. Now you can buy the console for $299, and it also works with the same software you'll find on Windows 10 PCs as well. Microsoft's website is still showing the Xbox One S as the only option to purchase it, so you'll need to download it manually or download the Xbox app and configure your router accordingly.
 This update comes after Microsoft announced
 ","Prior to this, we knew a few things about the game: it's an open world survival horror shooter, it is an open world sandbox shooter with multiple game modes, and you can buy and play on PC, Mac and Linux for the price of a AAA mobile game. Now we know more!

The PC edition of the game is a standalone version with no installation, no installation CD",Both,5,4,,Both,5,4,,Both,4,4,,,,,,,,,,,,,36_841_238
"The issue focused on the role of social media as a catalyst for political and corporate engagement in the digital economy, with the aim of encouraging companies to use the power of social media and the Internet to reach out to their target market.

According to a report by Digital Media Monitor and the digital advertising market research firm Kantar Web.com in January, Facebook has already surpassed Google and Apple as","The issue focused on the ""dangers"" and ""impacts"" of the development and storage of renewable energy on the planet, as well as its impact on the environment and human health.
 The development of new technologies, particularly those aimed at reducing emissions of carbon dioxide, would be a key factor in the development of alternative, renewable energy sources to meet future energy demand.
 ""The development of new technologies, including new energy storage devices, could have the potential to reduce the greenhouse gas emissions that cause climate
 ",Both,4,3,,Both,3,3,,Both,4,3,,,,,,,,,,,,,56_388_323
"The central theme of the program is to create a culture of innovation that supports innovation. It's about creating a community of leaders and innovators who work together and build new products and services for the people.
 In order to do that, it must first create an environment where we are challenged to think and act differently. To create a culture of innovation, you must create a culture of innovation that encourages innovation and fosters innovation. To create an ecosystem where entrepreneurs thrive, you must create an ecosystem where entrepreneurs thrive
 ","The central theme of this essay, and that that of this blog post, is the importance of having strong, consistent, and consistent relationships between things that can be called ""systems."" These systems are not things in a vacuum; they are systems.
Systems are systems software programs that run in a specific environment (kernel) and provide a way for users to manage software. They also include",B,5,4,,B,4,4,,Both,4,4,,,,,,,,,,,,,29_219_172
"In summary, these are some key points from the report:
 The number of children under 18 in prison for drug offenses has increased by nearly 50 percent, from 5,600 in 2002 to 7,500 in 2008, with the highest number of youth in this group, ages 15-19, arrested and convicted. In the first nine months of 2009, the percentage of drug arrests in which the defendant was charged with an offense for which the drug was not a controlled substance increased significantly.
 The number
 ","In summary, we conclude the report by concluding that the United States is not a democracy and has failed to achieve a fair and balanced electoral process that protects the rights of all parties. We further concluded that the U.S. electoral system has a long tradition of abuse and manipulation that may have been used to influence voting trends. The analysis of the voting data revealed that there is strong evidence that Russian",Neither,4,5,,Neither,4,5,,Neither,4,4,,,,,,,,,,,,,0_197_460
"To summarise:
 1. It is possible to create user accounts without having any root privileges;
 2. The root password for Windows login shell can be changed from user password to passcode;
 3. The root password for Linux login shell can be changed from keypad password to passcode;
 4. You can create user accounts without root privileges by using root password as login password or user password as login password;
 Note : It is possible to encrypt password file using password
 ","To summarise, a number of the main features we have seen from our current platform in terms of performance can be achieved in the next couple of releases with little to no change to existing codebase.

We are not planning on releasing a major new version until after the next stable release of Linux, and the next stable kernel.

The new architecture and kernel have been in development for",Both,4,4,,Both,4,4,,Both,3,4,,,,,,,,,,,,,43_495_338
"To conclude, I would like to share with you the following quote from my book "" The Rise and Fall of the Third Reich "" (published in the US in 2003): 'We must remember the history of Germany and understand that Nazi propaganda in Germany was a key source of information for the intelligence community during the period between 1939-1945. The information was disseminated via an electronic communication network, or","To conclude, it is important to note that, although the process is quite straightforward, it can take time. The process is not always straightforward and there could be unexpected consequences. This process should be used in conjunction with all other process security measures to ensure security and privacy of data stored in the database. The process will be explained further below.
 In this section we provide an overview of how this process works and describe some key security considerations to follow during database encryption operations.
 What encryption algorithm does MySQL use
 ",B,4,2,,B,4,2,,B,4,2,,,,,,,,,,,,,31_838_827
"An illustration of the process of a nuclear detonation is seen at the nuclear facility in Nevada. The facility is the first of its kind in the United States and is expected to produce up to 1,000 atomic bombs a year, the White House said Wednesday. (Photo: Getty Images) Story Highlights The U.S. Navy says a nuclear device will be dropped over Nevada on Thursday
 The blast would destroy buildings and send up radioactive ash
 An evacuation alert was issued for more than 100 cities across the
 ","An illustration of a solar flare, which appears as a white streak on the sun, from NASA's Goddard Space Flight Center.

NASA scientists say they have seen a rare flare of radiation from a powerful solar storm, which could trigger a solar storm-triggering solar flare explosion on Earth.

A video posted Sunday on Twitter shows a large fireball rising into the sky, followed by flash",Neither,4,4,,Neither,4,4,,Neither,3,4,,,,,,,,,,,,,22_135_278
"Furthermore, the application of these criteria to the entire program will require some additional data, such as the number of students who were admitted to the program in each of the program years between 2007–2011, as well as data on how many students in each program were selected to be admitted to the program. It is important to note, however, that data on program size does not exist on the application process for the program. The program has been described in detail elsewhere, but the key findings are the following:
 ","Furthermore, the fact that the United States is the only industrialized nation with a higher rate of infant mortality than other industrialized nations is an indicator of a more healthy population than developed nations; however, the data does not clearly show whether these results apply to the entire world. The World Health Organization, which reports on mortality trends, states that the data for mortality data collection is limited and not always accurate.",Neither,5,4,,Neither,5,4,,A,4,4,,,,,,,,,,,,,26_55_588
"To conclude, we should note that there are some things we know for certain about the origins of Christianity from the early church: the first Christian martyrs died from natural causes and did not have their bodies buried in mass graves (the tomb was not built for their burial, but rather for the purposes of burial), and that the original manuscript has been digitally altered with the aid of digital scanning software.","To conclude, I believe a key component of an effective program is being able to monitor, monitor, monitor, monitor. The program should be able to monitor your data. And if data is monitored, the program should be able to monitor you to the degree that the data is being monitored.
 The program should also be able to monitor data in an efficient manner, because data is not a static thing. It can be dynamic. It can be changing. It can be moving. So it is important to monitor
 ",B,4,1,,B,4,1,,B,4,2,,,,,,,,,,,,,30_818_603
"To review, we will go ahead and say this is the most important part of the whole system. I have never owned a game console that did so much for so little.

I have no idea whether it's a hardware or software failure, as I have only been able to get it for a year, but it has a very high resolution screen, very high framerate graphics, and","To review, the first part of a series on what is in a file name in Linux kernel version 2.6.24.
 There are quite a few files in Linux kernel version 2.6.24 that you might not recognize. They're called ""root"" files, and they include root file systems, root-level user data files, root file systems and root user data files. You can find a list of all root file systems by running the command ""find-sysroot -name root"".
 ",Both,4,1,,Both,4,1,,Both,4,1,,,,,,,,,,,,,16_780_541
"In brief, I am a computer programmer with a passion for web development. My goal is to create software that is easy to use and maintain. In addition to web development, I also write user interface and web application development software, and host software development conferences on web development (Web development in Action) and user interface design.<|endoftext|>We are currently working on the next update for this page. You will receive email notifications whenever this page is modified.
 Please bookmark our page to stay posted when this update arrives.
 ","In brief, a lot of us have heard that ""if your computer is infected it should be shut down"" and we have heard about ""shutting down"" Windows and other programs, but this isn't the case. In Windows Server Update Services (WSUS) you have a few more ways of getting Windows up to a higher level of security than the default Windows version that runs on Windows.",Both,2,2,,Both,2,2,,Both,2,3,,,,,,,,,,,,,20_3_102
"Foundational to this is the fact that we are all born with the same set of biological characteristics and these biological differences can't be changed. The only thing that could be done was to alter these biological differences in some way, but the key to altering our biological characteristics is the mind, and the only way in which the mind can change a biological condition is through the application of mental methods.
 In other words, we are all born with the same set of genetic characteristics. We all have certain characteristics that are shared between
 ","Foundational to this is that the first generation of digital currencies were created to be a tool for money transfer and digital identity management – it is an online currency which allows people to transact with one another, and it has built-in security features to prevent hacking, phishing, identity theft and fraud, all from the same online wallet.

The second generation of digital currencies is a platform built",B,4,3,,B,3,3,,B,4,4,,,,,,,,,,,,,14_823_506
"The relationship between the number of women and the percentage of women who enter university is one of the most important and important questions in contemporary sociology. This paper examines the link between women's participation in the university and their participation in the labour market. In particular, it examines how university women's labour market participation is associated with the labour force status of their male peers. Data from the Labour Force Survey (LFS) database are used to analyse the link between university enrollment rates and the labour force participation status of university students
 ","The relationship of the human mind to language is well-documented. In particular, recent work by the researchers of the University of Vienna (Austria) and the University of Cambridge in the field of language and consciousness has shown how language influences perception and perception affects language.

The first part of the research project, a computer-based learning algorithm, has already been deployed successfully on an open-",B,5,4,,B,5,4,,B,4,4,,,,,,,,,,,,,47_883_838
"More importantly, it's a great way to get rid of the clutter and get started in web development without having to know JavaScript or a lot of programming languages.

This tutorial is about how to use the Node Web server with NPM.

NPM is the package manager for Node.js. It is used to install node packages on a node server. It also provides package management","More importantly, he added, ""If you're going to go back and change the way you're doing it, you need to do it in this country.""
 But it wasn't easy.
 ""I didn't want to make a political statement, and I was worried about my job,"" he said.
 ""I knew I could go home, sleep on the couch, be home with my wife, have my children and have a home.""
 In fact, he was home for the
 ",A,4,4,,A,4,4,,A,4,4,,,,,,,,,,,,,48_146_125
"In this essay I will show how to create a simple Python app that sends emails. It is not designed for production and it can easily be run from your web browser without requiring any installation and installation.

Note: I recommend that you use a browser to access this app. In this case you can use any web browser that works in Internet Explorer, Firefox, Safari, Chrome, or Internet","In this essay, the author explores a key development in the history of the modern computer and argues for a computer history that is both historical, political, economic, and philosophical. This essay also explores the development of computer science, computer technology—and computer software—in the last quarter of the twentieth century.
 The computer, which was developed by the British computer engineer Robert H. Sussman in the mid-19th century, was the culmination of the development of computer technology since the late nineteenth century.
 ",Both,5,4,,Both,5,4,,Both,4,4,,,,,,,,,,,,,57_502_57
"To summarise, a new feature of this patch is ""re-order"" of modules (and sub modules) on the load path.

This is useful for loading modules in order to have a different path in case of an exception, or in case of a module being removed.

The module system will load all modules on startup, and all module-load-paths (","To summarise, here is what happened: the media and political establishment were caught off-guard by the success of the Sanders campaign. The media went into shock, and were unable to accept Sanders as a viable candidate. They were unable to accept the fact that a large part of his campaign was based on his platform of a socialist program, rather than on his platform of democratic socialism. The media were caught off-guard and didn't know how to deal with this. They were caught off-guard that Sanders was
 ",Neither,4,4,,Neither,4,4,,Neither,4,4,,,,,,,,,,,,,42_538_857
"It has been shown that memory-induced alterations in hippocampal volume are accompanied by memory impairments in humans. The aim of the present study was to evaluate the memory-induced hippocampal atrophy induced by a novel memory-inducing drug. The memory-induced hippocampal volume was compared between memory-abusing groups and control-abusing groups using a repeated measures ANOVA followed by a post-hoc Tukey post-hoc test. The results showed that there was a significant interaction between the memory-ab
 ","It has been shown that there is a difference between the quality of information in the internet world of today and the Internet in the past. In particular the information available through social networking websites has become increasingly accessible online, but this accessibility is not universally available. The information available to users online in the past was often filtered for certain purposes and content. In the modern Internet, information is accessible at any time",B,2,4,,B,2,4,,B,1,3,,,,,,,,,,,,,52_221_518
"In brief, I'm a programmer and writer. My interests are: programming languages, computer vision, data storage, web development. I'm a big web user. Currently i have a web development job that uses a lot of JavaScript.<|endoftext|>It is a question many of us ask ourselves when thinking about the internet – is it really worth investing time to access it? Is it worth paying for access","In brief, the app is designed to provide you with the best of both worlds: you will always be able to download the app and you will always receive the latest version of Windows OS. This app is also very user-friendly, allowing you to download and run any app that is not Windows OS or any application that you are not running on Windows OS.
 This app has a lot of features, which you can find in the table below:
 App Name Windows version CPU RAM OS Windows OS OS
 ",Both,3,3,,Both,3,3,,Both,4,4,,,,,,,,,,,,,19_624_611
"To summarise, the data shows that there's a big difference between how much the average person spends on food and how much they save. For the most part, we spend less than 10 percent of our total monthly spend on food compared to the UK average. This is in line with the UK and Australia's data where spending and savings are very similar. However, spending on digital content is a","To summarise, the data shows a link between low levels of home ownership and higher rates of unemployment, while home ownership and income are not linked. However, if home ownership were linked to income, there would be no evidence that home ownership was associated with higher levels of home ownership.
 This link is important for two main reasons. First, if home ownership were linked to income, there would be no evidence of a link. Second, if home ownership were linked to income, home ownership would not have increased
 ",Neither,5,4,,Neither,5,4,,Both,4,4,,,,,,,,,,,,,44_126_7
"Foundational to this is the notion of ""social contract"": that the social contract we create is a contract between us, with the potential to be broken, which we must be willing to accept if we truly want a better world. And the key to creating a better world, of course, is to make our world better.
 But, of course, we also need the moral authority to make the change. And the key to making it is to make the change that is necessary. And if we are going to make
 ",Foundational to this is the idea that the best way to build software in a distributed environment is through a distributed database system. This is true whether the system is Linux (which is why we're going to use MySQL) or Windows (and probably Mac OS X) and the OS is Linux. But there's also the question of what database system to use in each of those operating systems. For,B,4,4,,B,4,4,,B,4,4,,,,,,,,,,,,,12_837_628
"In this essay, I discuss the importance of a well-designed and executed web development workflow. While web development is no longer an afterthought for many developers, it's still crucial to a successful web application's user experience and development workflow.

The web has always been more than a platform for websites and applications. It's also been a medium that enables people to connect with others on the","In this essay, Michael S. Williamson argues that the United States should shift its focus to its security interests, including in the Middle East, in response to the security challenges facing it today. Williamson argues, based on the logic of security-oriented security theory, that the most important security challenge facing the United States today is the challenge to the legitimacy of its security institutions, namely the national security state. He argues that in the face of this challenge, the United States will need to shift security strategy to address it.
 ",A,4,3,,A,3,3,,A,4,2,,,,,,,,,,,,,58_456_519
"Prior to this year's season opener against the Detroit Lions, the Seahawks had only two home games at CenturyLink Field. The team was on a bye and home-field advantage was vital to Seattle's quest for a second consecutive Super Bowl. The game would have to be at the old home of the NFL's best team, if the Seattle Seahawks were not to host a rematch with the Chicago Bears in 2015.
 The Seahawks had the option of taking an extra day off to host home games, but instead decided
 ","Prior to this year, we had no idea that the number one driver for the iPhone's battery life was an app and not a device — a new report from The Verge reveals that iPhone battery life is now tied to how many apps are open or running. The app-based battery life was a relatively small part of iOS' overall performance, but it still makes sense to consider when you can use",B,4,4,,B,4,4,,B,4,2,,,,,,,,,,,,,38_501_894
"The relationship between privacy, digital privacy, security and security is changing rapidly. In a blog post by the privacy group Open Rights Group, the privacy group describes a process by which governments can circumvent digital security standards in their digital security policies. The process is called a ""back door"".
 The process is called a ""back door"" because the user has no way of knowing that the data has been deleted. In the blog post, the privacy group explains that the process is called back door because it allows the
 ","The relationship of a woman to her husband in marriage is a matter of great controversy and importance. In this article, I'll explore a few different ways men and women express this connection.

I know I've made it sound a little bit complicated in this article, but I'm not just talking about how men and women talk online.

The most-cited research on online communication",Neither,4,4,,Neither,4,4,,A,2,4,,,,,,,,,,,,,46_261_292
"The issue focused on the state of the country and the country itself, and how it is evolving. It also highlighted the challenges the UK faces to its economic growth and employment.


It was the first major policy speech from Prime Minister Theresa May and was a big win for the Leave campaign and her party. The speech was a success in the UK media with a huge online audience and on social","The issue focused on the process of data storage and the storage of data on flash storage media. The storage media that is used in the storage device can include flash storage media as well as memory storage media, and data storage media can be used on different storage devices at the same time and in the same application.
 The key findings from the study are the following:
 In terms of storage media used for storage storage media used in flash storage media flash storage media flash storage media flash storage media flash storage media flash
 ",B,5,3,,B,5,3,,B,4,1,,,,,,,,,,,,,54_686_201
"In this essay, I will try to explain a simple process that can make software development easier and faster.
 I will also explain why this process makes software development easier and faster. In the end, I hope that people can see that software development can be done using software development process, instead of software development process and software developers need to think that software development process can actually make software development easier and faster.
 What is software development process? It can refer either to computer software development process or software software development
 ","In this essay, we will explore the concept of a ""trend"" in data mining. A trend represents a particular change in data mining, as the number of data points in our data warehouse grows.

The most common use for data mining is to build an index on the underlying data, and to search the data using keywords and filters. However, the data may be more diverse than",Both,4,4,,Both,4,4,,Both,1,4,,,,,,,,,,,,,59_559_438
"This essay discusses the logic, ethics and moral implications of the application of the theory of the application of logic to political decision-making. I will argue that logic, as well as ethical principles such as the principle of non-contradiction, is key to a just and just society. I will also argue that logic, as a key ethical principle, can play a decisive role in the development of the logic of politics. I will then argue that the application of logic to political decision-making in the UK is
 ","This essay discusses the relationship between the political right and the corporate-media establishment.

The corporate media has been in a frenzy over the last few weeks about how the Democratic Party lost the popular vote in the 2016 presidential election, which is an obvious, and very legitimate, concern. But there's also a much bigger, much more important issue at stake, which is that of whether the corporate",Neither,5,5,,Neither,5,5,,Neither,4,4,,,,,,,,,,,,,4_819_678
"The connection between the two sides of the brain may help us to predict whether or not we're going to get sick. In an experiment, the same people who performed better in the lab were also more likely to be exposed to the virus on a social network site, researchers reported Aug. 28 in the Proceedings of the National Academy of Sciences.

In the experiment, researchers asked participants on a","The connection between virtual and physical environments is key to any web application that uses web services. It's a key link that helps your application to communicate with web service providers and web servers. However, the connection between web server and browser is often a bit confusing, and it is difficult to understand what is happening on the page when a user interacts with it. In this tutorial, you will start by understanding how the browser process data between the browser and the server.
 The browser process data
 The page
 ",Neither,4,4,,Neither,4,4,,B,4,4,,,,,,,,,,,,,9_360_717
"This essay discusses the relationship between science and religion. This essay is a reflection on my own personal experiences of growing up with science and religion.

A few years ago I was asked to speak at a conference.

The question came up,

Why is there no way to download a single image file, for each page or document, from one site on this website?

","This essay discusses the development of a version of a digital version of the famous painting of The Battle of Waterloo, in which the battle was depicted as it happened on June 14, 1815. I have been trying to understand how a picture that was taken from memory (the memory of a person), and was then digitized, became part of the history of the world and its history as a whole. This essay seeks out to answer this problem and to demonstrate how digital technologies have played an important role in bringing digital images
 ",A,4,3,,A,4,3,,B,4,3,,,,,,,,,,,,,5_840_193
"The central theme to this article is that there's no way we know what will happen when a person is in a situation that makes them feel uncomfortable. The main idea is to help the author make sense of the data in the dataset and provide examples for each data point.

In a data science project, we have a data set to store data, so we need our dataset to hold a","The central theme of the new film, which will screen on May 1, is that it has nothing to do with race, but that, when it comes to issues such as racial profiling and mass incarceration, it is all of those things combined.
 ""I think the film is a window into what the American people are up against,"" said director Michael Moore, who has been pushing the idea that race is the main problem.
 The film also comes as the Obama administration, facing criticism for its handling of
 ",A,4,4,,A,4,4,,A,4,4,,,,,,,,,,,,,28_606_33
"In brief, the Internet of Things will allow people to connect things together and save data, which will then be stored and shared between devices.
 The Internet of Things (IoT), which is already in use by more than 1 billion people in more than 200 countries, could help save money.
 The key problem, as explained by Google and others, will be how to make data secure and data privacy.
 A key problem, as explained by Google and others, will be how to make
 ","In brief, it's the most powerful of the many technologies in the Android OS, allowing you to create apps that run in multiple browsers, and even run them side-by-side.

What is it?

Android app development is a new and emerging field that's gaining momentum in the mobile industry.

It's an application programming language (API) technology that allows apps",Both,3,4,,Both,3,4,,Both,3,4,,,,,,,,,,,,,18_367_50
"The key aspect of a good computer is software that does not break, and software that does break does not affect security.
 The key aspect of Windows is security software and Windows software should not be broken.
 A Windows security flaw can be fixed with a software security update, and security software should be updated to prevent a software security flaw from ever breaking. In fact, software security software should not be updated to prevent a security flaw from ever breaking.
 In Windows, Windows security software will always fail
 ","The key aspect discussed in the paper is that there is little reason to expect the same behavior when an application is running on a device without any of the necessary resources installed. This includes a USB device, a network card, and the device drivers, all of which will be installed on the system.

To see how these resources can be compromised, the paper provides a set of sample application code",Both,2,4,,Both,3,4,,Both,3,4,,,,,,,,,,,,,33_745_508
"More importantly, the new system would be able to monitor and control the process of digital currency mining as an independent entity.
 The new platform would enable the network of virtual miners and exchange platforms to monitor and control the process of digital currency mining as an independent entity.
 The new platform would enable the network of virtual miners and exchange platforms to monitor and control the process of digital currency mining as an independent entity.
 ""We're going to have a network of virtual currency miners that are actually independent virtual
 ","More importantly, this is not an argument to get into the debate. The debate will go on for decades, and I am happy that a few of the arguments are still in circulation, although many are not.
A new study shows that the number of people with internet access is decreasing, and the number of people with broadband connections is increasing. This article is the first of a planned series on",Both,2,4,,Both,2,4,,Both,3,4,,,,,,,,,,,,,50_789_774
"Views on this post:

This post is part of a larger discussion. See the main discussion thread for the full details about how the posts work.<|endoftext|>If you're reading this blog, you might remember that in February, the US government shut off access to a key piece of software used to control the internet on the internet, called Tor. This has led to many people, including","Views on the issue of the death penalty
 The death penalty is controversial in many parts of the world, and in the United States it has become increasingly unpopular. The death penalty has been the subject of debate for nearly a century, with some believing it should not be abolished, and others saying it is an effective method for punishing people who should not be executed for crimes they committed in the past. Some Americans oppose the death penalty simply because it violates human decency by killing people who were innocent at the time of
 ",A,5,4,,A,5,4,,A,4,2,,,,,,,,,,,,,6_4_681
"Views on a single image are not representative of views on any single image in the dataset, as the data is not fully sampled or analyzed to ensure that the image is not biased.

Data

The data was extracted from Datawind (http://data.datawind.org) using the 'grep' command. For a detailed explanation of data extraction see http://","Views on the future of online video games are mixed.
 The Internet video game platform Steam, which recently opened a website in the UK, remains the leading download platform for digital media and online video games, according to online data tracker Net Applications.
 But a key question in online gaming is: How will online game developers deal with virtual reality (VR) technology?
 The Internet video game platform Steam, which recently opened a website in the UK, remains the leading download platform for digital media and
 ",Both,4,4,,Both,4,4,,Both,4,4,,,,,,,,,,,,,7_168_95
"In summary, the data from the 2013-2014 season showed that the league has been very consistent in its development of the best teams in the league and has done so with some success and some not-so-success.
 In order to evaluate these teams and see where we are headed, we have been following the standings each of the last three years. For example, this year's teams were ranked according to our formula: Team Points = Wins x Goals Against x Save Percentage
 So let me begin
 ","In summary, we have seen that there is evidence for a direct interaction between the human gut microbiome and disease risk in humans. We also have some new information that supports this. The gut microbiome is not only a part of the human microbiome but is a key regulator of disease progression. We investigated the role of microbial taxa in host susceptibility to the pathogenic pathogenic agent, pathogenic micros",Neither,4,5,,Neither,4,5,,Neither,4,4,,,,,,,,,,,,,1_213_246
"This essay discusses the process of creating a digital print file of a book. It includes some tips for how to save your data in a file format that works for your digital print application and how to save data in a document file format that works for your digital print application.
 The process of creating a print file of a book is very similar to the process of creating a digital print file. There are a few key differences, but they are all fairly easy to understand. The most critical difference is that print files
 ","This essay discusses a new theory of how humans are wired. I am not a biologist but I am an engineer. I have spent years in the lab of electronics and computer engineering, where I have used and developed many different types of electronic and computer systems. This is my take on the theory.

I think there are many possible explanations of the human brain, the most popular are that there",B,4,4,,B,4,4,,Both,3,4,,,,,,,,,,,,,3_65_860
"The key aspect discussed at this meeting is what can be done with the data we already have about the Internet today, and how this data can be integrated into applications and services. This topic is a major focus of the Open Data Summit. As we move forward, we need to take advantage of the Internet's immense capacity of data. The Internet data center offers a vast amount of data storage capacity.","The key aspect of the process of development is the user interface. This document defines the user interface format for the development process.
 There are four user interface format components:
 User interface
 The user interface format is a user interface format document file format used by developers.
 The user interface format has the syntax file. user.html .
 In development version 1.1 of HTML and SVG are included in HTML and SVG format files format files.
 The syntax file syntax contains user
 ",Both,4,2,,Both,4,2,,Both,4,2,,,,,,,,,,,,,35_176_283
"It has been shown that the brain is capable of regulating the expression of certain brain chemicals by regulating the brain activity. This process can be triggered by different brain states, and it may play a role in the development of mood, attention, memory, cognition and decision-making processes. We investigated the effects of a low dose nicotine-enhanced exercise paradigm with a memory task on cognitive memory and memory","It has been shown that the amount of energy produced in the human body depends on several factors. One is the amount of energy available to it (energy surplus), another is the amount of energy consumed (energy deficit). It has been found that the amount of energy produced is dependent on several factors, namely, the body mass, the metabolic rate, the amount of fat in the body, and the amount of carbohydrate available in diet. It has also been shown that changes that alter the amount of energy consumed can alter energy balance
 ",Neither,3,2,,Neither,3,2,,Neither,3,2,,,,,,,,,,,,,53_682_887
"To conclude, the data on this question were collected from the US and Canada in 2000 and 2001 respectively, with data from the UK and the USA in 2002. The data were analyzed using R software version 3.1.0 (R Development Core Team).
 In a previous study, we showed that, when we compared a large data set with a small data set, the small data set would show a greater effect of the first version of the database. This time, we also analyzed data from two data sets
 ","To conclude, the results of this study indicate the following:

(1) In the case of patients with type 1 diabetes mellitus, the use of dietary glycemic control aids in conjunction with exercise in combination with a low-carbohydrate diet (LCD) can reduce the occurrence of type 1 diabetes in the long term compared to using a glucose tolerance test.

A glucose tolerance",A,4,5,,A,4,5,,A,3,4,,,,,,,,,,,,,32_649_828
"Views on the issue are mixed. The American Civil Liberties Union said it ""strongly disagrees"" with the decision and said that the ruling is a ""serious blow for privacy rights across the country.""

The ruling is particularly troubling to tech companies, which are already required by law to get permission from law enforcement agencies. It would also make it harder for tech companies to share user information with","Views on the topic, which began in 2008, have grown steadily since then.
 The online version of the website, which is now defunct, features a page dedicated to discussing the controversy.
 The page features a link to the page on the page, and a photo of a young man holding a sign. The man, dressed in a white shirt, shorts and sandals, says in part, ""I think you can see that I'm not a racist, but there's a bit of a
 ",Neither,5,4,,Neither,3,4,,B,4,4,,,,,,,,,,,,,8_352_271
"The connection between a man's life and his body is a very important part of what makes him a great human being, but it is also an intimate one. We all experience pain and pleasure in our lives, but the connection between body and mind is one of the most significant in the human experience.
 The link of body and mind that we make with our bodies is one of the key components of what we are, a process that we call ""body image."" We are constantly aware of our bodies and
 ","The connection between the United States and the rest of Africa, the Pacific region, Europe, Asia and Latin America is a vital link.

It's also a vital link for the United States to build on and enhance, through its relationships in the world, our military capabilities. It's not just an economic link, but an important link that enables the American people to secure their security from terrorism",Neither,4,5,,Neither,4,5,,Neither,4,4,,,,,,,,,,,,,10_237_700
"The relationship between the two parties is important. If they are to reach agreement on a solution to the problems that affect their respective communities, a good first step is for both the parties to meet and discuss their common interest in building a sustainable energy system. A sustainable energy system means a system where the amount of renewable power available to power electricity generation and grid storage is sufficient to meet demand for electricity,","The relationship between a man's sex drive and his ability to be a father has long fascinated evolutionary scientists. But what is it that makes men more fertile?
 In his latest study, published this week in the American Economic Review , researchers from Duke University, the University of California, Berkeley and the University of California, San Diego found that men with higher levels of testosterone are more likely to have children.
 ""The more testosterone you have in the body, the better the fertility,"" said Dr. Richard
 ",A,4,4,,A,4,4,,A,4,4,,,,,,,,,,,,,45_394_195
"In summary, the data presented in this paper shows that a high level of digital security can significantly increase security for online data in the long term. While it is difficult to quantify exactly how security measures can be increased to a user's satisfaction, this paper provides a broad and detailed analysis of security measures for data online. In a web application security perspective, security measures can be applied in a user's web application by using the following three security strategies: digital security, user privacy and data encryption. The security practices discussed
 ","In summary, we have found that in a group of patients with a history of schizophrenia, a combination of the following drugs is effective for a period of 2 weeks: clodopa, ketoconazole, and sertraline. The drug combination is also effective for the duration of the study, with a mean decrease score of 0.01 points.

The data presented here are",Neither,3,4,,A,3,4,,A,3,4,,,,,,,,,,,,,2_451_192
"To review, the document, entitled 'The Case for a Transatlantic Trade Agreement: a Case Study in the International Trade and Investment Community, and Beyond', was released at the beginning of June 2012 and the document was written by a group of experts, including former US Department of State Undersecretary of State for Public Diplomacy James A. Baker III. A copy of this document is available on the website of the European Council on Foreign Relations.
 The document, written and prepared under the direction of the Department
 ","To review, I'm not sure if this is actually going to be good but it's still worth a try. It's very easy to do, the app is clean and the interface is pretty simple. The app is only available in Korean but the app is translated to Chinese as well. If you can speak Korean, it's probably fine for you to download and install it. It also allows",B,4,4,,B,4,4,,B,2,4,,,,,,,,,,,,,17_719_876
"Furthermore, it was clear that there were other issues at play. As we've discussed before , Google is not alone in using the Tor browser in conjunction with its search engine services, and it's possible that some other sites have similarly compromised security.

In the past few days, several sites including Wikipedia and YouTube have been compromised by the malware-infected Tor network. Tor has been one","Furthermore, the report said the ""most recent data from the U.S. Census Bureau indicate the population of the U.S. has grown faster than in most other nations since 1990.""
 The report also said ""the percentage of people living in extreme poverty, which is when one person does not have enough money a month to buy food, clothing and shelter, has reached a record high.""
 ""The U.S. has become the world's leading poverty-ridden nation. This report highlights
 ",A,4,5,,A,4,5,,A,4,4,,,,,,,,,,,,,25_754_397
"An illustration of a new kind of superconducting disk. (Image: NASA/JPL/Univ. of California, Santa Cruz)
 A team at the California Institute of Technology (Caltech) has made an important breakthrough in superconductors, the most powerful form of electrical storage on the planet. The new discovery has key implications for superconductors in general and the development of future superconducting devices.
 In a paper published online this week in the Proceedings of the National Academy of
 ","An illustration of the first generation of solar cells, which are capable of storing more energy per square meter than traditional solar panels. A team led by the University of Michigan researchers developed an ultrafast, energy-saving method for creating silicon solar cells using an extremely efficient and low-cost process.

The process involves removing a portion of a cell's substrate to generate a silicon chip and a thin",Both,4,5,,Both,4,5,,Both,4,4,,,,,,,,,,,,,21_113_866
"An illustration of the future of artificial intelligence. Credit: MIT/J.C. Chia

A major milestone in the development of artificial intelligence has been achieved by researchers at MIT, the University of Cambridge, and the Institute for Computer Systems.

The researchers are building computer code that can understand, process and interpret text, and that can also be programmed to do many tasks, such","An illustration of the solar-powered rover Curiosity's mast-mounted Chemistry and Remote Sensing instrument (CHRSE) on the mast of the rover. This is the version on Curiosity's rover mast, which is on page 1 of the document, page 2, and page 3 of the document.
 The document, titled the ""Mars Science Laboratory Mission Specification"", was released by the Mars Science Laboratory program at the request of the media.
 The document details the mission objectives.
 The document
 ",A,5,3,,A,5,3,,Both,4,4,,,,,,,,,,,,,23_206_709
"More importantly, it's the first time that a computer program has made it past the computer security testing process.
 The program that created the malware has now been discovered and removed. It is a program called 'Nexus' that was created by software developers from security researchers at the firm Kaspersky Lab.
 In a blog post, Kaspersky Lab said it has removed the malware because it poses an ongoing security risk to network administrators and IT administrators.
 Kaspersky Lab researchers first
 ","More importantly, the new model will help make the industry's own sensors cheaper, easier to use and easier to develop.

For the past six months or so, we've been tracking a number of sensors on a Raspberry Pi. This is what a sensor looks like:

The Raspberry Pi is a microcontroller which has a hardware keyboard, mouse, keyboard and mouse drivers, and a",Both,4,4,,Both,4,4,,Both,4,4,,,,,,,,,,,,,49_821_184
"Prior to this year, the United States had been one of the only countries in the world where gay and lesbian couples could not adopt.
 In December, the Supreme Court ruled 5-4 that state bans on gay and lesbian marriage violate the Constitution and are not consistent with the U.S. Constitution.
 The U.S. Supreme Court will hear arguments on same-sex marriage again this month.
 (AP, 6/29/15)
 2015 Jun 27, In an unusual
 ","Prior to this, it had been reported that the device was capable of running Android 4.0 and up, and was able to boot from USB flash memory, but that it would be possible to boot the system from a CDROM drive via USB flash memory.

The new device, with its built-in micro-SDXC memory expansion, should allow for boot up from USB memory",B,4,4,,B,4,3,,B,4,4,,,,,,,,,,,,,37_755_848
"The key aspect discussed by the author here is the importance of the ""diversity"" of the people who are being educated about and in the media and online. In other words, the ability to be able to communicate in a way that is useful and interesting. I have been using this tool to create an online course. It can do a lot of things. The web interface and online portal is","The key aspect of digital data storage technology is data integrity. This means that data that is stored on the network will not be tampered with, corrupted, lost, or stolen. Data storage technologies can be designed to protect data from data loss and data corruption.
 The data storage technology that is most frequently used is a flash drive, disk drive, CD or CDRW media, or a CD or disk media that is mounted on a computer.
 For more information: http://www.us.gov
 ",B,4,4,,B,4,4,,Both,4,4,,,,,,,,,,,,,34_600_615
"The issue focused on the application of data mining software in order to monitor user behavior and data security. The application, called ""Fuzzy,"" is designed to monitor the computer screen for malware and malware-like behavior.
 ""In the Internet of Things (IoT) sector, data security is key to security, privacy, and interoperability,"" said John Cacioppo, director of security research at McAfee. ""It is critical that our industry develop and deploy data security technologies that are secure, privacy
 ","The issue focused on a series of emails between Clinton and the State Department that was released by WikiLeaks.

Clinton, as head of U.S. government, used her private email server to transmit classified information, including top-secret information.

The email exchange was among thousands of hacked from the account of John Podesta, chairman Hillary Clinton's campaign chairman at the time.

Pod",A,4,4,,A,4,4,,Both,4,4,,,,,,,,,,,,,55_225_624