"From files: pickles/religion_pickles/religion_A,B.p, greedy_bow_results.json",,Which passage is more topic relevant?,How fluent is the passage of A?,How fluent is the passage of B?,Raymis,Which passage is positive?,How fluent is the passage of A?,How fluent is the passage of B?,Shannon,Which passage is positive?,How fluent is the passage of A?,How fluent is the passage of B?,Hayley,,,,,,,,,,,,
"Emphasised are the two most common and significant factors for the development of depression in patients with bipolar disorder, but there are other factors that are important and potentially important for patients with bipolar disorder and depression. The main focus of the paper is not on any single factor, but the relationship between a series of factors, such as age, gender, family status, education, employment and social network, and whether there is a particular risk of the development of depression or whether other factors are involved, particularly those that may increase risk
 ",Emphasised are the benefits of the program and the fact that it is funded by the taxpayer. These statements are not intended to encourage the government to provide assistance to people with disabilities who are in need of help. They are merely an acknowledgement that we do not know what is going on in the universe and therefore cannot make God's plan come true.<|endoftext|>A couple of weeks ago I posted an,Neither,3,4,,Neither,3,4,,B,3,4,,,,,,,,,,,,,41_153_306
"Furthermore, he said, the government's plan to introduce a new tax system to finance the infrastructure projects would not go as smoothly as the public had hoped. ""The problem is we are not going to be able to meet the demands of the people, the people will not give you what you want. The first thing the Lord God said to Noah was, 'Behold, your God God God","Furthermore, in the case of the former, we have to note that this is an issue for the future, and that the Church may well continue to operate with this particular Church-issued card, and that this card may be used for any purpose whatsoever for which this Church issued card is authorized.
 In the case of the Church-issued card, it does seem that this Church card has some inherent limitations which may have to do with the circumstances under which Church members are authorized to obtain Church credits from Church
 ",Both,3,3,,Both,3,4,,Both,4,3,,,,,,,,,,,,,24_174_29
"The central theme of this essay, as with many of the arguments against the Church, is that there isn't enough. The Church does have enough—but that's a different conversation. We need to get into the ""Holy Ghost,"" the Spirit, the Word of God. That's how we are to be saved and glorified. God is the Savior of Jesus Christ God, Jesus Christ God","The central theme of Christianity, Jesus Christ, is love. Love for God and God for Jesus. Love of God and God for Jesus. God loves people and the Church loves God's Church because God is Love. God loves us because God loves us. Jesus, the Christ, Jesus Christ, is Love. Jesus is God's God, Love of God and God for Jesus. Jesus is God's God, Jesus Christ, Jesus Christ, Jesus Christ, Jesus Christ, Jesus Christ. Love is God's Love.
 ",Both,1,1,,Both,2,1,,Both,2,1,,,,,,,,,,,,,27_710_233
"To review, a lot can be done by using an app such as Widgetify or a website to add a simple and intuitive widget to your site.

The first step to making an app is to learn about it from your developer friends and learn about the different ways to make a game in the world of the game.
I know there is no God, only gods. But,","To review, I had a good day at a coffee shop and got to chat with an amazing customer who is a great friend. We talked about our experiences working at different companies and we discussed the many different ways you can help.
 We then talked about what we thought would be a perfect way to make it work. After talking a little about it, I realized we would need to make it happen with some sort of donation. To make this idea happen we decided to use our business cards and create these amazing
 ",Neither,4,4,,Neither,4,4,,A,4,4,,,,,,,,,,,,,15_730_743
"It has been shown that a high intake of carbohydrates can cause an increase in blood glucose levels and decrease insulin resistance in mice. A study by a group of investigators at the Center for Diabetes Control and Prevention (CDC) in Atlanta, GA, investigated the effects of a high-fiber diet in mice on glucose, insulin, and blood pressure. The authors found that the mice were able to increase their insulin sensitivity and decrease their blood pressure, which were both beneficial to their health. In the mice given a high-f
 ","It has been shown that the amount that people are willing to spend for food on the Bible Belt varies with their religious affiliation.

A new study, published in the Journal of Economic Perspectives, finds that the Bible Belt (the West) is more likely to be Christian than other religious groups.

The study was conducted by researchers at the University of Chicago and the University of Texas at Austin. The study found",B,3,5,,B,3,5,,B,4,4,,,,,,,,,,,,,51_815_562
"Foundational to this is the idea that the human body is a biological system, not an intellectual entity. If we believe that we are immortal and that the soul can come back to earth in our next life, then it must have been a divine plan to give the world a soul. We have seen God's word in the Bible, so we have no reason to think God would do anything different","Foundational to this is the question of ""how did the Bible get its meaning?"" For many years the Bible has been used to teach the Bible as God's Word and not just for God's Word, and the Bible has been used to teach God's Word as God's Scripture. However, the Bible is not just God's Word but God's Bible. God's Bible does have some differences from God's Scripture but God knows these differences and knows how to reconcile God's Scriptures with God's Word by showing Jesus Jesus Christ
 ",Both,1,1,,Both,1,1,,Both,3,1,,,,,,,,,,,,,13_410_293
"Emphasised are the strengths, weaknesses and opportunities that will be provided by the changes to the Australian Capital Territory.
 The changes are part of Australia's ongoing plan to reform its welfare system through the National Disability Insurance Scheme (NDIS). The NDI will be introduced to the Territory and it has been estimated that it will save the federal Treasury about $4 billion a year.
 The changes are expected to create a much stronger and more efficient system of welfare in the NT. These changes are expected to result
 ","Emphasised are the words of Jesus Christ. They were written in the New Testament. They are not the same words spoken by the Apostle Paul (Romans 4:23-25).

It is Jesus Christ who, after being crucified, was raised and glorified by God, who is ""The God and Jesus Christ"" (1 Corinthians 10:13).

Jesus said",B,4,4,,B,4,3,,B,4,4,,,,,,,,,,,,,39_413_780
"Emphasised are: the fact that the majority of the world's population of women are still being forced into prostitution, and the fact that sex-selective abortion has been legal in Britain for decades – but is now being used to control women's bodies.

The article was written by a former member of the Christian Church who believes that God is God and that he was the first Christian","Emphasised are the words of the Bible and the teachings of Jesus Christ. These are the words that God has given to us. God says in Scripture that Jesus Christ will come and will restore the Church. God says in Scripture that He will give us His Spirit to guide us through the difficult trials of our life. God says God says to us: ""This is My beloved Son whom I love; follow Him."" Scripture says God says Jesus Christ has promised His disciples eternal life. Jesus Christ promises His disciples eternal life
 ",Both,4,3,,Both,4,3,,Both,4,1,,,,,,,,,,,,,40_396_81
"The connection to the ancient city was established in a series of events called ""The Fall,"" in which Jesus died, was buried, rose again, was resurrected, ascended into heaven, returned to life, ascended to heaven again, and was raised from his tomb on the third day. In his Gospel of Mark, Jesus' last words are ""And I tell you, whoever believes in me and the Bible will not","The connection between the two is so strong, it's almost impossible to ignore. The two men have been at each other's throats since before they met on the streets of Los Angeles in the early '60s. But the two men have never quite gotten over their differences — and the rift is now more intense than ever between them, as the world's media continues to focus on the ongoing feud between Kim Kardashian West and Kanye West over their marriage — even though Kardashian has been married to Kanye since 2005 (the
 ",A,3,3,,A,3,3,,A,3,2,,,,,,,,,,,,,11_152_337
"Prior to this week, the only way to get one of these devices was through a third-party seller. The only way to get one of these devices was through a third-party seller.
 This week, Apple is finally offering the company's iPhone 7 Plus with Touch ID, along with the new 64GB version with 256GB of storage. The two versions come on top of the 32GB iPhone 7 Plus that went on sale last week (which sold out before the weekend). Apple also dropped another $
 ","Prior to this, he had been in trouble with the law twice for drug offenses. On the first case, a judge found him guilty of possession of drugs, with a potential sentence of 10 years in state prison. In the next case where his probation officer found him guilty, the judge said: ""I am sure the man has a good heart who is willing to make peace between God and the",Neither,2,4,,Neither,2,4,,B,4,4,,,,,,,,,,,,,36_841_238
"The issue focused on an alleged rape in New Zealand, and also included the possibility that the allegations were untrue or that the alleged attacker had not been convicted of raping the woman.

A man who claims he was raped by three men while working as a construction worker in the early 1970s was awarded $100 million by the government to settle claims for wrongful death he says he was caused when he","The issue focused on the ""dangers"" and ""impacts"" of the practice of circumcision on infants, which can lead to severe pain, bleeding of the skin and bleeding of the genitals.
 The court said that, although the circumcision is legal in many states, a child's ""conscience is the most important factor"" for its decision on whether he or she should have it.
 The court said the child's ""conscience is also the most important factor in the determination as to whether he or
 ",Neither,5,4,,Neither,5,4,,Neither,4,4,,,,,,,,,,,,,56_388_323
"The central theme of the book is that we are being lied to by our politicians. It's not just the media, it's our politicians as well. And it's not just the politicians, it's the entire political elite, and it's the whole nation. It's what I call our ""corrupt political system."" That system, it's all about power and wealth. And it's about lying people about facts and telling them lies to make themselves seem smarter than they are. The central theme that emerges from
 ","The central theme of this book is that there is something fundamentally wrong in human beings: the lack of love. It's an argument for what the word is, and why people are so stupid. The problem is, the love they have doesn't work, and God is angry at them for their lack of love and the fact that they haven't been born again. God wants you to love God",B,3,4,,B,3,4,,B,2,4,,,,,,,,,,,,,29_219_172
"In summary, our data indicate that the presence of a specific gut microbiota (gBMI) is related to the risk of developing type 2 diabetes. However, it is unclear whether this microbiota has a beneficial effect on glucose homeostasis or the risk of type 2 diabetes, especially with respect to the effects of specific diet or other factors associated with diabetes. Our data demonstrate that the gut microbiota has a positive effect on glycemic control, which has an important role in diabetes. These findings may be explained by the
 ","In summary, the study found that the most common type and severity of injury was a concussion in men and a concussion in women. However, the most common type was mild traumatic brain injury, with the vast majority of those suffering were not injured by the accident, the court heard.
""If you were God,"" a woman from the West Bank village of Bethlehem says in the film, ""you",Neither,4,4,,Neither,4,4,,B,4,4,,,,,,,,,,,,,0_197_460
"To summarise:
 1. It is possible to make an argument about the nature of God's nature.
 2. God can only exist because there's an infinite number of things.
 3. God is the creator of all things in some sense. God is the Creator of every thing. He is omnipotent, omniscient, infinite and omniscient. God is omniscient enough to know what happens in his infinite universe because God has an unlimited amount of knowledge about everything.
 ","To summarise, a number of the main features that are present in this game are: - The player controls a character, with a unique personality (character creation) and a special powers and abilities;

- A game mode (single and multiplayer) in which there are different endings (good and bad) in the story - the story has a ""canon"" ending and there is no God",A,5,4,,A,4,4,,A,3,4,,,,,,,,,,,,,43_495_338
"To conclude, we are not surprised by the results of this study. Our hypothesis of an important role for vitamin D in the regulation of inflammation in humans has been borne out by many independent studies over a number of decades.

Vitamin D, which the body produces in the lab, is produced in the blood and circulates through the body. The heart of God is one of the four","To conclude, it is important to note that, although the majority of these individuals have been identified as members of the same family, there can be multiple instances at any given time of the same person, and it is possible that a person could be of multiple ethnicities (for instance, a Caucasian, Black, Arab, or Hispanic family) and have been identified as belonging to the same family. In addition, many instances of identity theft involve multiple individuals who claim multiple surnames, which can complicate identification processes when multiple
 ",Neither,2,2,,Neither,2,2,,A,5,3,,,,,,,,,,,,,31_838_827
"An illustration of the future of the Earth's climate system. NASA via Getty Images
 It was the first time in human history that humans could predict global warming in advance. This was done in a way that would make it much more difficult for future generations to avoid dangerous climate changes, and much more difficult to avoid them. That said, it's still very important for humans to understand the climate system and understand how climate change may affect future generations. Here are seven lessons we can learn from climate models that predict future
 ","An illustration of a solar system with its moons, including Mars, Jupiter, Saturn and Uranus, from NASA. (NASA)

A new study of Saturn's moons, published in Nature Astronomy, suggests that the planet is home to a number of life-giving planets. While the study is the first to look directly toward these planets, its conclusions are not without some controversy in light",Neither,4,5,,Neither,4,5,,Neither,4,5,,,,,,,,,,,,,22_135_278
"Furthermore, the authors of this paper suggest that the use of such data could be a useful tool in the development of new strategies to prevent the emergence of novel, non-target organisms.<|endoftext|>The UESPWiki – Your source for The Elder Scrolls since 1995
 A Unique Item
 A Unique Item is a rare, powerful artifact that can be obtained with Elder Scrolls V: Skyrim. They can be bought for 5 gold and 5 gold and 10 gold. They are found randomly in the world.
 ","Furthermore, a study on the effects of a new form of marijuana, called cannabidiol (CBD), on the central nervous system found that the CBD was able to counteract the harmful effects of alcohol.

A new study from the University of California, Santa Barbara, reveals the true story of the ""Biblical Messiah."" The story tells how the Jewish People's Messiah Jesus Christ was",B,2,4,,B,2,4,,B,3,4,,,,,,,,,,,,,26_55_588
"To conclude, the evidence is consistent with the view that the use of a particular language or language system has significant and negative effects on people's life chances, and thus on their well being, especially among those in less advantaged groups. This is not an argument for the existence of God but a case that the argument is not compelling enough to convince us God exists.

The Lord Jesus Christ","To conclude, I believe a strong belief in God is the basis for my belief in the Bible. I do not believe that God will change, however. God, as we know Him, continues to be God. I believe that God is God, and God is good.
 The Bible is the Bible. We are God. I hope that God will continue to bless us in this world and in the next. I hope God will continue to give us God-given opportunities in God-filled lives. I
 ",Both,4,2,,Both,4,2,,Both,4,2,,,,,,,,,,,,,30_818_603
"To review, I've been working on a new book called the ""The Book of Mormon: An Archaeologist's Guide"" since December, and I'm excited to share more information about the book and its author, Professor Richard W. Bushman.

I'll also give an overview of the Book of Mormon and the Bible, and then we'll be ready to move into the next phase","To review, the ""Brief"" section is an interesting one, with some interesting facts about its author:
 ""The author, John Dovidio, is an Orthodox Jewish Orthodox Minister in the United Kingdom, where he teaches Hebrew Bible studies and is the head of the Church of Jesus Christ of Latter-day Saint Orthodoxy. He is also the editor of Bible Bible.com and has written several books. Dovidio is known for his extensive knowledge of the Scriptures and for his Bible Bible
 ",Both,5,4,,Both,5,4,,Both,4,3,,,,,,,,,,,,,16_780_541
"In brief, I am a former student of a renowned Indian philosopher and scholar who was also the editor of a book on Indian philosophy in English. He wrote me an email and asked me for a few things. The book was a very important work of literature on Indian philosophy and philosophy of mind (POM) and I was intrigued by the idea of reading it. So I went back to read it and came across several references to it which made me realise how fascinating Indian philosophy is. I decided to write down some
 ","In brief, a ""super-sized"" (super-fast) version of Bitcoin will be released in the near future. This could be a big deal because it could potentially be used to make a lot of money.

What is Super-Large Amount?

A ""super-large amount"" (also known as the Bitcoin God) is the most important and significant thing that God",Neither,4,5,,Neither,4,5,,Neither,4,4,,,,,,,,,,,,,20_3_102
"Foundational to this is the fact that we are all born with the same set of biological traits and our brains are designed to process and adapt to the environment in which we develop. This ability makes us naturally adaptable to the environment, even as humans grow up and become more complex, with the same ability to adapt. The human brain, which is not designed to handle all of the environmental complexity, is designed to deal with the most common, most complex, most difficult to deal with challenges, namely the human environment. This
 ","Foundational to this is the concept of the social contract, the belief that we should treat people equally and equally good, and not discriminate against any group because of gender. The idea that gender is a social construct is not only offensive but also immoral. The Bible says that God does not judge people for their gender identity or gender expression. He gives God to everyone. God is God, God loves",B,4,4,,B,5,5,,B,4,3,,,,,,,,,,,,,14_823_506
"The relationship between the number of women and the percentage of women who report feeling threatened by men has been well established. In a recent paper for the Society for Personality and Social Psychology, researchers at the University of Toronto's Osgoode Hall Law School examined women's perceptions of threats to their masculinity. The study found that while male threats to women's masculinity have been widely studied, women's perceptions of threats have largely varied by context. Specifically, women perceive threats differently depending on the context of men's aggression toward them
 ","The relationship of the two countries is based on the concept of ""one country, two systems"" which implies a common history, culture and people.

According to the United Nations, India has the world's largest diaspora with about 2.5 billion people. India is divided in the world as the country of Hindus , Buddhists and Sikhs.

The Indian Constitution gives all",B,2,5,,B,2,5,,Neither,4,4,,,,,,,,,,,,,47_883_838
"More importantly, we have no idea how this works in real-world environments. I'm sure that we could come up with some sort of ""fog of war"" in which the player's position is a ""realist"" viewpoint on a ""realistic"" situation and the player has a ""rational mind"" and is not deceived by the Spirit of God and God's Word; God,","More importantly, he added, ""If you're going to go back and change the way you're doing it, you need to do it in this country.""
 But it wasn't easy.
 ""I didn't want to make a political statement, and I was worried about my job and my family,"" he said, ""because I didn't want to alienate any of the people that were with me in the Church. And I was worried about the Church. And then I was worried about all
 ",Neither,2,3,,Neither,2,3,,Both,4,4,,,,,,,,,,,,,48_146_125
"In this essay, the authors present the historical and archaeological evidence of the use of cannabis by early Christians. In doing so, they explore a number of issues concerning the Christian origins of cannabis.

Cannabis as a medicine and a sacrament

From the earliest Christian period, Christians have been taught to pray over the Holy Spirit by the words of Jesus, the ""Son of God"",","In this essay, the author explores a theory that suggests that the ""soul-space continuum is a continuum that has a fundamental nature"" (Powell, 2006). He argues that this continuum is the result of the ""existence of souls in both space and time"" and that the ""integral structure"" of the Soul, or Soul Space, is an emergent property of these two types of space. In this way, the Soul Space is like a ""synthesis"" between Soul Space and Soul Soul
 ",A,4,4,,A,4,4,,A,4,4,,,,,,,,,,,,,57_502_57
"To summarise, this is a list of people who are considered the most influential person of all time. This list was based on the popularity and status of each person who lived or died over the centuries, with an emphasis on the Bible-based figures, such as Jesus Christ, Mary Magdalene and Mary. I've tried to keep the names as close to the Bible as possible, and","To summarise, here is what happened: the UK's Labour Party lost its majority, it lost its control of the House of Commons, the Tories won the most seats in government (the SNP won a mere 3,000, but that was a close race) and the UK voted to leave the European Union.
 What the UK Labour Party did not do, however, was take the opportunity to build a coalition of support for the Labour Party. It did not take the opportunity to build a coalition of support
 ",A,4,4,,A,4,4,,A,4,4,,,,,,,,,,,,,42_538_857
"It has been shown that women in India tend to have lower levels of testosterone than men.
 This is the case for both men and women, according to new data from the Indian Bureau of Statistical Research, which has been published in the Indian Family Health Journal.
 A new paper by the researchers, led by Dr. Anjana Gupta, who is also a lecturer in the Department of Family Studies at the University of Toronto, found that while the levels of both males and females tend to be higher in women
 ","It has been shown by many, including me, that if you have a strong desire to do God's work, you will not just do God's work, you WILL DO GOD'S WORK. You will do God's work. It does not take a special faith or supernatural abilities for God to do what God does. I believe God is loving and just and has a Godly plan that is beyond our understanding (",B,4,1,,B,4,2,,B,4,2,,,,,,,,,,,,,52_221_518
"In brief, it's the most powerful and popular of three-part magic spells, used to summon creatures from the depths. When cast, a creature will appear at the caster's location, and the caster can then cast any of its own spells.

Casting a spell in this manner costs one point of Magic, but is an excellent means of making money. In addition to the usual","In brief, the ""Belt"" was an extension of the ""Carpet"" used during the Second World War, with the ""Carpet"" being used for transport between ships and for storage. A small, lightweight, waterproof and durable blanket that was used to protect the ship's decks and the upper deck of a boat. The fabric was used in both the British and the US Navy and was used in the US Army's ""Boots"" for its field trials. During World War II, it
 ",Neither,5,4,,Neither,5,4,,Neither,4,4,,,,,,,,,,,,,19_624_611
"To summarise, it was an interesting experience and the first time I had seen this game from the developer behind the hit mobile title The Last of Us. However, I do feel there is a bit of a gap between this review and its predecessor. The story in The Last of Us is the story of Ellie Godchaux, a girl whose mother dies of Ebola. She is raised by her","To summarise, the first thing the Church does when it is in an emergency is not tell anyone, but rather to go on the run and seek sanctuary in an Orthodox church for several months. It is not a matter of seeking God but only of seeking God, and the Church is a Church of God, not a Church of men. The Church is not a Church of men; in fact, it is the Church of God, and God is God. The Church is God, Jesus Christ, and Jesus Christ
 ",B,4,2,,B,4,2,,B,4,2,,,,,,,,,,,,,44_126_7
"Foundational to this is the assumption the universe must be infinite; that all matter is equally likely. We know that the universe is finite. We can't prove it is, but we do know that God must be infinite.
 The universe is finite, but God is God, and God is God. It's an assumption, but a very fundamental one. This also has implications for the nature of God. God is God, but God is God. We know God is God, but God is God. God is
 ","Foundational to this is a belief in the ability of a person to change his/her character over time, through learning, self-reflection and a sense of God's love and favor toward the believer (see the article on the Christian God). The Bible says that God's love for us extends to the world, and that he loves His children more than Himself (2 John 3:16",Both,1,5,,Both,1,5,,Both,1,4,,,,,,,,,,,,,12_837_628
"In this essay, I am attempting to describe the historical context of a specific incident that has become known as the ""Sister Mary's Day massacre"" of the Church on October 1, 1994. The incident took effect the next day, November 3, and was widely known around the world. This was a massacre perpetrated in the name of Mother Mary, and it was carried out with the approval of","In this essay, Michael S. Williamson argues that the United States should stop subsidizing the global economy and start subsidizing the private sector.
 The United States has long been accused of favoring the big banks and other corporate players over the average person. This is a common claim made by those who support free market capitalism, such as the Cato Institute's Robert Gordon, economist Paul Krugman, and others. It is also a common charge made by those who advocate ""trickle-down economics,"" the idea that the
 ",Neither,5,4,,Neither,5,4,,A,4,4,,,,,,,,,,,,,58_456_519
"Prior to this year's World Series of Poker in Las Vegas, which brought in about $5 million in online poker revenue, the industry was in dire straits, with $5 billion in losses and a growing number of online players losing their accounts, according to a report by the WSOP.
 This year, the WSOP is projecting an expected $7.9 million in online revenue in 2015.
 ""It's a lot of money and it's going to make our players' lives much easier
 ","Prior to this week's episode, we had a lot going on. We talked to two of our heroes about their favorite things about working in the film industry. And we talked to our friend and former colleague, Paul Feig, about his career in the world of comedy. We also talked about his latest film, The Revenant, and what it means to him and his God.
This",Neither,2,3,,Neither,2,3,,B,2,4,,,,,,,,,,,,,38_501_894
"The relationship between Christianity, Judaism and Christianity's Jewish community is complex; Christianity is a religion in which God's word is God's word, Judaism is God's religion, Judaism has its Messiahs, Judaism is the Messiah, Judaism is Jesus, Judaism is the Church, and Judaism is Jesus. The Bible is God's Word, and Judaism is God's religion, Judaism has its Messiahs, Judaism is God's Church, Jesus is God's Church, Christianity is God's religion and Christianity is Jesus. In
 ","The relationship between the two sides is complex, even among the people who live there. The area is known as ""The Village of God"" in the English language Bible and, as you will see, it is a place that is blessed by its people. God is God and there is nothing in the Bible about a God who was unjust or who did wrong. God has never done anything wrong,",Both,1,3,,Both,2,3,,Both,2,4,,,,,,,,,,,,,46_261_292
"The issue focused on the issue of whether the federal government should provide more help for refugees from around the world.

It said it was not a ""bargaining chip,"" a term used to describe the political and social forces that have shaped our world, that make the Christian religion the way it is. But Jesus, the Christ, Jesus Christ, God of God and Son of God,","The issue focused on the fact that the city was in danger of losing $10 million in federal funds if it did not take action. A spokesman for Mayor Rahm Emanuel said the city was considering a $1.5 million grant.
 The city had previously announced it would seek a $500,000 federal grant to help repair some of the city's infrastructure. But it has since decided that it does not need federal funding to pay off what it owes on debt incurred by the federal government during President Barack Obama's
 ",A,4,5,,A,4,5,,A,4,4,,,,,,,,,,,,,54_686_201
"In this essay, I will try to explain a couple of ways I think about the relationship between religion and political thought. I will try to avoid using terms such as 'religion' or 'theism' or 'atheism' or 'agnostic Christianity', because these tend to be loaded with negative connotations. I hope this will help to avoid any confusion about what I mean by religious thought and politics. Religion is not the absence of God but rather God as the source of our beliefs and desires (the
 ","In this essay, I describe the historical context of the creation of the Church and the origins of Catholicism (or, more accurately, the Church). The essay does not attempt to refute the claims of any religious tradition or church but rather seeks to explain how the Church came to be and what it means for Christianity today. I also discuss some Christian beliefs concerning the resurrection of Jesus as well as some Christian",Both,4,4,,Both,4,4,,Both,4,4,,,,,,,,,,,,,59_559_438
"This essay discusses the origins, evolution and future of modern political theory and how it has been shaped by the social movements of the late twentieth century. Its purpose is the understanding and recognition that this intellectual tradition, which has been shaped and influenced by social change in the last two hundred years, can be understood and understood as a result of a process whose roots go back as far as the beginning of the twentieth century.
 The modern political theory of the late twentieth century
 The modern political theory of the late twentieth
 ","This essay discusses a new phenomenon of the contemporary world—the ""fractal economy""—and its impact on the world of religion.

I was reminded of this phenomenon in my experience of a friend of mine. He's an agnostic, and his wife is an atheist. We have a wonderful life together and we're both devout Christian, but we are in a difficult place. She",B,2,4,,B,2,4,,B,2,4,,,,,,,,,,,,,4_819_678
"The connection of the Holy Scriptures with the Christian tradition has been a subject of great dispute since the beginning. Some have argued that the Scriptures have a direct connection with the Christian religion by being the Word of God. Some have argued that the Scriptures are inspired Scripture.

What are the Holy Scriptures?

The Bible (Scripture) is a book of Scripture written to be read in the Holy Spirit,","The connection between Christianity, Judaism and Buddhism was established in India about 4,000 years ago. Today, Buddhism is the second biggest religion in Asia. Buddhism, however, has never been officially recognized in India.
 A Buddhist temple is seen in New Delhi, India, Sunday, Aug. 12, 2015.
 ""Buddhism is not a religion of any kind, but of the same nature and kind as Christianity and Judaism. Buddhism is a religion of compassion,"" said the Dalai Lama,
 ",Both,3,4,,Both,3,4,,Both,3,3,,,,,,,,,,,,,9_360_717
"This essay discusses an issue I believe has been neglected by most of the media in this election. It is a topic which was not raised at any recent conference I attended or which I think I have heard mentioned elsewhere. I have heard it discussed by a few people, but I don't know what it is, and have only heard a few people talk about it before.

My point is","This essay discusses the role of the Church in a democratic society. It argues that the Church has been able to make a significant contribution to democracy because it has given its voice to the common cause of the people. It argues that a Church that has been active and engaged in politics should be more influential in political life. I also conclude by asking what the Church can do about its current situation.
 It should be emphasized that this essay does not seek to justify Christianity against democracy. Rather, its aim is simply to
 ",B,4,3,,B,4,3,,B,4,3,,,,,,,,,,,,,5_840_193
"The central theme of the new film ""The Grand Budapest Hotel"" is about how, after a series of horrific murders, a group of survivors of World War II decide they must return home in peace, but they soon learn that peace is not what the gods and angels want, and that the world will not be destroyed because God's word and God's will are in Christ Jesus Christ.

","The central theme of the new film, which will also be released in North America on December 14th, is that of a family in a rural community struggling to survive against the backdrop of an impending disaster.
 The story centers on Grace (Maggie Grace), a single woman, who lives with her husband, John, and their three young children in a tiny town in central New Mexico. John is a former military man, but Grace is determined to help her children find a decent job. She also hopes
 ",A,2,4,,A,2,4,,A,2,4,,,,,,,,,,,,,28_606_33
"In brief, the Bible is God's Bible. God's Bible was written by God, not man. The Bible is God's Bible, and Jesus Christ was a Prophet and Apostle who wrote Scripture that is God's Bible. The Bible is God's Bible.
 The Bible has been God's Bible for more than 1,000 years now. God has written the Torah, the Bible, and the Hebrew Bible. God has written the Bible in the languages of the Bible, including Arabic, Greek, Hebrew,
 ","In brief, a lot more.

Here's the official synopsis:

An adventure game inspired by the world of the Bible that explores religion's role in the human condition.


A world where the people believe that God is real, the bible is God's holy word, and the only way to save mankind is to convert the people into Christians and bring Christ to earth.

",Both,2,4,,Both,2,4,,Both,2,4,,,,,,,,,,,,,18_367_50
"The key aspect of a well-run city is its ability to keep its residents healthy and fed; a healthy environment is a key driver to economic growth and the quality of life for residents. It's also the reason why a healthy city requires a healthy economy.
 A healthy city is one where residents and businesses have access to clean water, healthy food and clean air. The key to a healthy environment is to have a strong, stable government. That's why the city must be governed by the people of Toronto
 ","The key aspect discussed by the government is that it will not require a single licence from a single person. This means that a person can obtain all the permits needed for them or their children and continue living a normal life without being subject to the law.
It is said that, ""the law is God's way of giving God to us"" ( 1 John 4:8 ). God's will",B,4,4,,B,4,4,,B,4,4,,,,,,,,,,,,,33_745_508
"More importantly, the new system would be able to detect and stop a number of types of malware from being installed on Windows 7 systems.
 In addition, Windows 10 would include several security updates that would help keep users' computers safe against malicious software.
 In a blog post, Microsoft noted that the system would also be able to detect when a computer is infected with Windows malware, and if it is, to stop the threat from spreading. This would help protect users who are infected by malicious software that could
 ","More importantly, we want to give people a better understanding of the science behind the phenomenon. So please, if you've ever been in one of those strange and wonderful experiences called a ""psychic experience,"" please tell us about your experience. We want to help you understand what it is you're witnessing and how it may or may not be connected to God. We are here as God's Spirit",B,4,4,,B,4,4,,B,4,4,,,,,,,,,,,,,50_789_774
"Views on the subject of gender identity have been growing in recent years, with some experts claiming to find greater support for the idea than others, with a number saying that their own beliefs on homosexuality should not be changed.

A poll has found that more than three out of four Britons are in favour of same-sex couples marrying the church. In addition, a poll by the Roman Catholic","Views on the matter of the Supreme Court
 The Supreme Court's ruling on same-sex marriage in 2013
 The Supreme Court's ruling on equal marriage in 2015
 How the court's decisions change the political environment
 The Supreme Court's ruling on gay marriage
 Why the Supreme Court's opinion is crucial for the future of marriage
 Why marriage rights should be guaranteed for gay couples and lesbians
 The Supreme Court's landmark ruling legalizing gay marriage
 The Supreme Court ruling legalizing gay
 ",Neither,4,3,,Neither,4,3,,A,4,2,,,,,,,,,,,,,6_4_681
"Views on a recent survey of more than 2,000 Canadians showed that nearly three out of four (68.5 per cent) say they would like a federal government to take a lead role in the country's economic development efforts. Only 17 per cent said they would not.

A majority of Canadians say the world's most powerful nation should be able to take away someone's property,","Views on the use of violence, especially against women, and the role of media in shaping perceptions of violence have become more contentious in the past several decades, as violence has become increasingly portrayed as a problem of the poor, women, minorities, and young people, all of whom are more likely and less able to access information, access legal services, and participate in society. The role of media is particularly important for this reason, and it is important for all of us to remember the lessons we can learn from media
 ",Neither,5,2,,Neither,5,2,,Neither,4,3,,,,,,,,,,,,,7_168_95
"In summary, the current state of the game is that you need to build a large amount of resources to get a high level of efficiency in your builds to make them effective. The problem is, the cost of building those resources is high. In order to make these resources viable, it requires a lot of research.
 The problem is, the cost of building those resources is high. In order to make these resources viable, it requires a lot of research. There are a number of solutions that could solve this
 ","In summary, a single-dose regimen of vitamin C and D for the prevention and treatment of cancer is likely to be effective for a long time, although it will depend on many factors, such as the type of cancer, how the cancer is treated and the patient's individual needs.

For the past decade, the American Cancer Society's (ACS) ""God is Not Dead""",Neither,2,4,,Neither,2,4,,Neither,3,4,,,,,,,,,,,,,1_213_246
"This essay discusses the use of ""bias"" and ""inferiority complex"" by conservatives. It argues that the word ""bias"" itself is ""not just bad language for politics, but it is also a dangerous one"". In fact, it is the ""bias"" that makes ""bias"" so bad.
 In the past I've written about ""bias"" as a political tool, and the fact that it has been used in this manner. Here is the original paper that
 ","This essay discusses the history of the concept of the ""American Negro,"" which is now so deeply rooted in American culture that it is used almost as a national religion. While many scholars regard this new concept as ""Christian,"" it actually arose in Protestantism, which is a distinct branch of Christianity, but not the Protestant Christianity. It is a Christian religion based on Christianity. This Christian religion, which",B,3,3,,B,3,3,,B,2,3,,,,,,,,,,,,,3_65_860
"The key aspect discussed in this paper is to define the term ""social capital"" (i.e., the social and cultural capital which supports the growth of the state and which is required to create a democratic and just society). The authors argue against using this term in the sense of a 'gift', and instead argue that a society is not just 'a gift', but God Himself (God","The key aspect of the new law is that a criminal conviction will now only carry a maximum sentence of 15 years.
 The Justice Minister has now confirmed that the maximum sentence will be reduced to 10 years.
 But the law will only apply in England and Wales and Wales.
 The Minister for Justice, Michael Fallon, has said the law will not apply in Northern Ireland.
 However the Northern Irish Justice Minister, Shaun Woodward, confirmed this afternoon he will be challenging the Supreme Court judges ruling on
 ",Neither,3,3,,Neither,4,3,,A,3,3,,,,,,,,,,,,,35_176_283
It has been shown that in order to prevent an individual or group from using their voice to oppress another religion they can't use their voice to criticize God in Scripture. The Bible itself teaches that you should not speak God's Name except in Scripture. It also states that if you want to speak God's Name God must tell you in Scripture that God has commanded you in His Word. You cannot tell God in your own language,"It has been shown that the amount of energy produced in the body during exercise has been related to the degree of exercise performance. In the present study, we investigated whether the increase in energy production during exercise in the upper body was associated with the increase in energy expenditure during exercise in the upper body. Eight male subjects (age: 24 +/- 0.5 years, mass: 74 +/- 3 kg, height: 178 +/- 5 cm, weight: 79 +/- 3 kg, VO 2 max: 72 +/- 8 ml · kg−
 ",A,3,3,,A,4,3,,A,3,4,,,,,,,,,,,,,53_682_887
"To conclude, the most important aspect to note from this study is the fact that this study provides evidence of the existence of a relationship between a common genetic polymorphism and obesity. However, this relationship was not found to be a causal one because of the lack of a control. In other words, this study is not able to show that the relationship between the SNP and obesity is causal.
 We found that the association was not a causal one. However, it was still significant, indicating that the genetic polymorphism
 ","To conclude, we should note that there are some very interesting ideas in this paper, particularly in regards to the idea of 'humanist values'. This paper was written at the behest of a friend of mine and was published by the Humanist Review in January of 2013. The title of the paper was inspired by the title of the book Humanism Is God's Love: A Letter From God to",Neither,4,5,,Neither,4,5,,Neither,4,4,,,,,,,,,,,,,32_649_828
"Views on the subject of abortion are divided in America: a large majority support legal abortion; only a minority oppose it. But there's a big, long-running divide, one that's been building for a very long time. For decades, the religious Right's opposition to abortion has focused on the biblical passages of Proverbs and Ezekiel that say women should not eat meat. And while many","Views on the Bible, Religion and Politics in America: An Examination of Religious Belief, Beliefs, and Politics in the United States, 1881-2008, by Robert Wiesner & Robert S. Raskind, published by Cambridge University Press.
 A. Religious Beliefs in the United States: A Comparative Study by Robert Wiesner, Religious Beliefs in the United States: A Comparative Study by Robert S. Raskind, Religious Beliefs and Politics: An Overview of
 ",Neither,4,4,,Neither,4,4,,B,4,4,,,,,,,,,,,,,8_352_271
"The connection between a man's life and his death is a very strong one. We don't have to ask what the cause of a death is or what it means to him or her. We can look at it, ask it ourselves, and find out.
 The death of the father is a death of the man. In the Bible, God said that God will take the body of God and put it in a man's hands. God will then take the body, bury it, and give it
 ","The connection between the internet and religion has always been one of the most important things.

The internet has been a source of hope and inspiration. It has given hope for many people, and even for the world at large, that the world would be a better place without religion. This was a promise made to God through a series of miracles.

There is also a belief that God wants to give",Both,5,5,,Both,5,5,,Both,4,4,,,,,,,,,,,,,10_237_700
"The relationship of a woman to her husband in ancient Israel and the relationship of husband and wife in the Christian Church.

In a world that is dominated by men who are supposed to be the head of the church, it's a bit hard to believe that God had a woman in the first century. But Jesus Christ was God's first-born Son, the only Son of God. And","The relationship between a man's sex drive and his ability to be a father has long fascinated evolutionary scientists. But what is it that makes men more fertile?
 In his latest study, published in the journal Nature, Harvard University biologist David Reichberg and his colleagues at the University of Chicago looked at a range of factors, including the amount of physical activity a man does, his level of testosterone and his age.
 ""We found that men with high levels of testosterone, particularly high levels of dihyd
 ",A,4,4,,A,4,4,,A,4,4,,,,,,,,,,,,,45_394_195
"In summary, the new version of OpenSSL v1.0.1g does not contain a bug which could be exploited to allow arbitrary code execution. In addition, there have been no security issues with the OpenSSL implementation.<|endoftext|>The latest update to the Powerline Power Control is now available on the Powerline Power Control website. It provides a complete power management solution for small, medium and large systems.
 The update includes all the Powerline Power Control products with a variety of features and capabilities that
 ","In summary:

• In the wake of the death of a police officer in the city of Chicago on Saturday, a group of protesters marched through the streets and took the streets.

• Protesters were met with tear gas and rubber bullets, and the city's mayor ordered a halt to the action, saying it had the ""chosen name"" ""Konrad Adenauer."" This",Neither,3,5,,Neither,3,5,,Neither,4,4,,,,,,,,,,,,,2_451_192
"To review, the Bible, like Christianity, has no God. Jesus Christ is God, but God is not God. God is one of the Creator and Creator-bearer of mankind. Christianity is a religion. God's name is God's name. God is the God-Man and God is man. God is a Creator, and Creator-bearer of all mankind. God is the Father of God, God the Son. God is God, but God is not God. Jesus Christ is God, but
 ","To review, the two men were arrested on Friday and released Saturday morning at the request of police.

The investigation into the death began in the early morning hours after officers responded to reports of a man suffering from apparent heartburn at a McDonald's in St. Paul. The man was found dead on the sidewalk outside, according to the St. Anthony News Tribune. The medical examiner, Dr",A,3,5,,A,3,5,,A,2,4,,,,,,,,,,,,,17_719_876
"Furthermore, as the report explains, the study shows that a high-quality public education is essential to a healthy lifestyle.

""Our findings suggest that there may be a connection between a child's exposure to media, particularly media with negative connotations, and its future negative attitudes, beliefs, and values. These findings may be of great importance to the LDS Church, but may be of concern","Furthermore, the ""bulk"" (or ""huge"" as you might say in Latin) of people who are going to the polls on Thursday in Florida will not include everyone who voted in the 2016 election.
 The vast majority of voters are not going to be able to cast ballots that are valid in every one of the five states and Washington, D.C., on election day.
 The state of Washington is one of three that will not allow voters to register at the polls on Nov
 ",Neither,4,4,,Neither,4,4,,Neither,4,4,,,,,,,,,,,,,25_754_397
"An illustration of a ""dinosaur"" fossil found on the floor of a cave in northern Spain has been discovered by researchers, who say the fossil's jaw is more closely related to modern birds than previously thought.
 ""This is quite an exciting discovery as the jaw of the fossil, which has been in the ground for a long time, has been discovered in an area that was not known for fossil bird fossils,"" said lead author Dr. Angelica Pérez-Santamaría, from the Univers
 ","An illustration of a ""virtual"" computer running a simulation of a real-life scenario on the Internet. A computer called the BrainSat, which was created by the National Institutes of Health, is one of the most advanced virtual reality projects. (AP Photo/Nati Harnik)

When the brainchild of an Indiana pastor, a man named Dr. John Paul II, came",Neither,3,5,,Neither,3,5,,Neither,4,4,,,,,,,,,,,,,21_113_866
"An illustration of a computer simulation. (Credit: NASA)

The next time you think about flying, take a moment to imagine yourself flying through space, with a computer simulation of what it would be like.

That would be pretty fun, wouldn't it?<|endoftext|>It's been a long and strange journey since the last time I was alive. But it doesn't matter if you","An illustration of the Milky Way galaxy seen from space. (NASA/Johns Hopkins University Applied Physics Laboratory)
 The Milky Way is a galaxy that has a lot in common with the cosmos: a vast and active galaxy, thousands of galaxies, many billions of stars, a vast amount of dark matter and a large, dense, and turbulent core. In fact, astronomers think the Milky Way has an extremely large black hole in its center.
 But this is just the tip of the galaxy's iceberg.
 ",Neither,4,4,,Neither,4,4,,Neither,4,4,,,,,,,,,,,,,23_206_709
"More importantly, it's the first time that a single-engine helicopter has successfully completed a flight without any problems.
 The plane made its maiden flight during the annual Airshow in Birmingham, and the company said it had ""tremendous expectations and expectations are high"".
 Image copyright PA Image caption The aircraft flew over a series of sites in the Midlands and South East
 In total the plane travelled about 5,700 miles (10,900km) and took off from Birmingham Airport - with
 ","More importantly, it would be the beginning of the end for the United States. We are at a point of history in our nation's history where it is no longer possible to be a true Christian, a true God-believer without believing one God.

I have no more of God. I am a man of God. I believe in Christ Jesus and His gospel. He is my",B,4,2,,B,4,2,,B,4,4,,,,,,,,,,,,,49_821_184
"Prior to this year, the Church of Jesus Christ of Latter-day Saints had no Church headquarters or a permanent Church Church office. The only Church Church headquarters in North America was located at Church Temple in Salt Lake City.
 The Bishop's Office was moved to Church Street in 2015, with Church Church President Thomas S. Monson moving in later in 2016. Church Church Church Church Street Church Church Church Church Church Church Church Church Church Church Church Church Church Church Church Church Church Church Church Church Church Church Church Church Church
 ","Prior to this, we were told that this is a ""very difficult"" game to develop. I'm glad to say that I'm completely in agreement, and will be looking to improve the gameplay mechanics in the future.

I'm very excited to see all the fans who have donated, and to the many who are supporting our project. I hope this is a sign of things to come",A,1,5,,A,1,5,,A,1,4,,,,,,,,,,,,,37_755_848
"The key aspect discussed in the paper is that there is little evidence of a direct link between obesity and depression. The paper's central premise is a very simple one – that people suffering from depression are in need of a lot of God. This, of course, does not mean that they are without God, only that God cannot be found in God.

In a way, this is an","The key aspect of our new approach is to focus on the key components of the data, which are the data itself, the data sources, the underlying systems and the tools for collecting data. Our approach, then, is that of ""data mining"" or ""slicing"" data to understand and improve it.
 To be able to do this, we have developed a set of data processing tools that we call ""data mining"". They are the core tool of our data mining strategy.
 We have
 ",Neither,3,5,,Neither,3,5,,A,3,4,,,,,,,,,,,,,34_600_615
"The issue focused on the possibility of an Israeli air strike on the Iranian nuclear facilities in the near future.
 In a statement on Sunday, the Iranian foreign ministry, which has long criticized US sanctions for the regime's alleged involvement in the September 11, 2001 attacks, said:
 ""The US is trying to create a scenario to attack Iranian nuclear facilities in order to divert attention from the real problems in the world and to achieve its goal of isolating Iran from the international community.""<|endoftext|>The UESPWiki
 ","The issue focused on a single section of the legislation. It's unclear whether the committee will vote to bring the issue to a vote again next year.

""It's a really, really big issue, and that's what makes this issue interesting,"" said Mr. H.R. (D.C.) .

The people of the District of Columbia do not approve nor approve of",Neither,4,3,,Neither,4,3,,Neither,4,4,,,,,,,,,,,,,55_225_624